id,date,time,field,away_team_id,home_team_id,week,division,status,away_score,home_score
g-0001,2027-06-01,17:45,"Ihde Field 810 Morgan St. Clyman, WI 53016",marshall-peterson,clyman-niemuth,1,U12,scheduled,,
g-0002,2027-06-01,19:15,"Ihde Field 810 Morgan St. Clyman, WI 53016",marshall-peterson,clyman-niemuth,1,U12,scheduled,,
g-0003,2027-06-01,17:45,"Jaycee Park 275 N. Perry Parkway Oregon, WI 53575",verona-wildcats-beringer,oregon-orange-madden,1,U12,scheduled,,
g-0004,2027-06-01,19:15,"Jaycee Park 275 N. Perry Parkway Oregon, WI 53575",verona-wildcats-beringer,oregon-orange-madden,1,U12,scheduled,,
g-0005,2027-06-01,17:45,"South Goodrich Park 700 E High Street Milton, WI 53563",bdybs-gold-devitt,milton-wildcats-popp,1,U12,scheduled,,
g-0006,2027-06-01,19:15,"South Goodrich Park 700 E High Street Milton, WI 53563",bdybs-gold-devitt,milton-wildcats-popp,1,U12,scheduled,,
g-0007,2027-06-01,17:45,"100 S Wuthering Hills Dr Janesville, WI 53546",columbus-firebirds-11u-wiemer,janesville-cyclones-klemencic,1,U12,scheduled,,
g-0008,2027-06-01,19:15,"100 S Wuthering Hills Dr Janesville, WI 53546",columbus-firebirds-11u-wiemer,janesville-cyclones-klemencic,1,U12,scheduled,,
g-0009,2027-06-01,17:45,"Racetrack Park, 900 Stoughton Rd, Edgerton, WI 53534",deerfield-brobston,edgerton-black-ames,1,U12,scheduled,,
g-0010,2027-06-01,19:15,"Racetrack Park, 900 Stoughton Rd, Edgerton, WI 53534",deerfield-brobston,edgerton-black-ames,1,U12,scheduled,,
g-0011,2027-06-01,17:45,"Field of Dreams 710 Lone Pine Way, Verona, WI 53593",waunakee-purple-endres,verona-wildcats-borelli,1,U12,scheduled,,
g-0012,2027-06-01,19:15,"Field of Dreams 710 Lone Pine Way, Verona, WI 53593",waunakee-purple-endres,verona-wildcats-borelli,1,U12,scheduled,,
g-0013,2027-06-01,17:45,"Northlawn Park 900 N Parkview St. Cottage Grove, WI 53527",siren-softball-ashwill,sp-savage-hansbro,1,U12,scheduled,,
g-0014,2027-06-01,19:15,"Northlawn Park 900 N Parkview St. Cottage Grove, WI 53527",siren-softball-ashwill,sp-savage-hansbro,1,U12,scheduled,,
g-0015,2027-06-01,17:45,"Rotary Park 191 Sandy Beach Rd, Lake Mills, WI 53551",lm-rec-blm-tellefson,lm-rec-blm-boettcher-2,1,U12,scheduled,,
g-0016,2027-06-01,19:15,"Rotary Park 191 Sandy Beach Rd, Lake Mills, WI 53551",lm-rec-blm-tellefson,lm-rec-blm-boettcher-2,1,U12,scheduled,,
g-0017,2027-06-01,17:45,"Riverfront Park 588-729 Wisconsin Drive, Jefferson",waterloo-skalitzky,jefferson-gold-smith,1,U12,scheduled,,
g-0018,2027-06-01,19:15,"Riverfront Park 588-729 Wisconsin Drive, Jefferson",waterloo-skalitzky,jefferson-gold-smith,1,U12,scheduled,,
g-0019,2027-06-01,17:45,Fort Atkinson High School 925 Lexington Blvd,lakeside-dremler,fort-jbs-telfer,1,U12,scheduled,,
g-0020,2027-06-01,19:15,Fort Atkinson High School 925 Lexington Blvd,lakeside-dremler,fort-jbs-telfer,1,U12,scheduled,,
g-0021,2027-06-01,17:45,"Meister Park 337 Middleton St, Columbus, WI 53925",milton-wildcats-palan,columbus-firebirds-rentmeester,1,U12,scheduled,,
g-0022,2027-06-01,19:15,"Meister Park 337 Middleton St, Columbus, WI 53925",milton-wildcats-palan,columbus-firebirds-rentmeester,1,U12,scheduled,,
g-0023,2027-06-01,17:45,"Northlawn Park 900 N Parkview St. Cottage Grove, WI 53527",edgerton-red-knoeck,cottage-grove-mordini,1,U12,scheduled,,
g-0024,2027-06-01,19:15,"Northlawn Park 900 N Parkview St. Cottage Grove, WI 53527",edgerton-red-knoeck,cottage-grove-mordini,1,U12,scheduled,,
g-0025,2027-06-01,17:45,Brandt Quirk,johnson-creek-bluejays-toebe,watertown-thunder-blue-johnson,1,U12,scheduled,,
g-0026,2027-06-01,19:15,Brandt Quirk,johnson-creek-bluejays-toebe,watertown-thunder-blue-johnson,1,U12,scheduled,,
g-0027,2027-06-01,17:45,"Field of Dreams 710 Lone Pine Way, Verona, WI 53593",east-madison-muir,verona-hand,1,U12,scheduled,,
g-0028,2027-06-01,19:15,"Field of Dreams 710 Lone Pine Way, Verona, WI 53593",east-madison-muir,verona-hand,1,U12,scheduled,,
g-0029,2027-06-01,17:45,"Cambridge High School, 403 Blue Jay Way",fort-jbs-grady,cambridge-rehr,1,U12,scheduled,,
g-0030,2027-06-01,19:15,"Cambridge High School, 403 Blue Jay Way",fort-jbs-grady,cambridge-rehr,1,U12,scheduled,,
g-0031,2027-06-01,17:45,Farmington Fields,jefferson-maroon-havill,farmington-flames,1,U12,scheduled,,
g-0032,2027-06-01,19:15,Farmington Fields,jefferson-maroon-havill,farmington-flames,1,U12,scheduled,,
g-0033,2027-06-02,18:00,Stoughton JV Park,wisconsin-outlawz-damon,stoughton-schroerluke,1,U8 Live,scheduled,,
g-0034,2027-06-02,18:00,"Concord Field: W1240 Concord Center Dr., Sullivan, WI",bdybs-rookies-gold-caves,jc-yellow-jackets-tonies,1,U8 Live,scheduled,,
g-0035,2027-06-02,18:00,"1001 W Burnett St Beaver Dam, WI 53916",johnson-creek-yellow-jackets-fredrick,bd-tornados-panetti,1,U8 Live,scheduled,,
g-0036,2027-06-02,18:00,"Meister Park 337 Middleton St, Columbus, WI 53925",lm-rec-blm-zimmermann,columbus-firebirds-volesky,1,U8 Live,scheduled,,
g-0037,2027-06-02,18:00,"Meister Park 337 Middleton St, Columbus, WI 53925",lm-rec-blm-schultz,columbus-red-farrington,1,U8 Live,scheduled,,
g-0038,2027-06-02,18:00,"Waubesa Intermediate School Softball Complex 5605 Red Oak Trail McFarland, WI 53558",marshall-lannoy,mcfarland-spartans-white-schuchardt,1,U8 Live,scheduled,,
g-0039,2027-06-02,18:00,"Waterloo Fireman's Park 500 Park Avenue Waterloo, WI 53594",columbus-white-breitsprecker,waterloo-hennessy,1,U8 Live,scheduled,,
g-0040,2027-06-02,18:00,"Cambridge High School, 403 Blue Jay Way",mcfarland-spartans-blue-mccullick,cambridge-becker,1,U8 Live,scheduled,,
g-0041,2027-06-02,17:30,"Converse Park 408 Best Built Pkwy Marshall, WI",cottage-grove-ress,marshall-munson,1,U8 Mach,scheduled,,
g-0042,2027-06-02,17:30,"Cambridge High School, 403 Blue Jay Way",deerfield-schroedl,cambridge-klemp,1,U8 Mach,scheduled,,
g-0043,2027-06-02,17:30,Riverfront Park 589-729 S Wisconsin Dr Jefferson 53549,bdybs-gold-monheim,jefferson-bente,1,U8 Mach,scheduled,,
g-0044,2027-06-02,17:30,"Waterloo Fireman's Park 500 Park Avenue Waterloo, WI 53594",clyman-schuett,waterloo-tbd,1,U8 Mach,scheduled,,
g-0045,2027-06-02,17:30,"504 De Clark St Beaver Dam, WI 53916",johnson-creek-bluejays-tbd,bdybs-green-kahler,1,U8 Mach,scheduled,,
g-0046,2027-06-02,17:30,"Racetrack Park Racetrack Road Stoughton, WI 53589",lake-mills-rec-hoffman-colvin-johnson,stoughton-thompson,1,U8 Mach,scheduled,,
g-0047,2027-06-03,17:45,"504 Declark St Beaver Dam, WI 53916",bd-tornados-meyers,bdybs-juniors-gold-pogorelec,1,U14,scheduled,,
g-0048,2027-06-03,19:15,"504 Declark St Beaver Dam, WI 53916",bd-tornados-meyers,bdybs-juniors-gold-pogorelec,1,U14,scheduled,,
g-0049,2027-06-03,17:45,"Racetrack Park, 900 Stoughton Rd, Edgerton, WI 53534",oregon-black-hubert,edgerton-ducher,1,U14,scheduled,,
g-0050,2027-06-03,19:15,"Racetrack Park, 900 Stoughton Rd, Edgerton, WI 53534",oregon-black-hubert,edgerton-ducher,1,U14,scheduled,,
g-0051,2027-06-03,17:45,"Riverfront Park, Diamond 2",marshall-fisher,jefferson-lipshetz,1,U14,scheduled,,
g-0052,2027-06-03,19:15,"Riverfront Park, Diamond 2",marshall-fisher,jefferson-lipshetz,1,U14,scheduled,,
g-0053,2027-06-03,17:45,"100 S Wuthering Hills Dr Janesville, WI 53546",columbus-firebirds-berget,janesville-cougars-forrest,1,U14,scheduled,,
g-0054,2027-06-03,19:15,"100 S Wuthering Hills Dr Janesville, WI 53546",columbus-firebirds-berget,janesville-cougars-forrest,1,U14,scheduled,,
g-0055,2027-06-03,17:45,"Field of Dreams 710 Lone Pine Way, Verona, WI 53593",windsor-heat-inferno-prusakiewicz,verona-wildcats-brooks,1,U14,scheduled,,
g-0056,2027-06-03,19:15,"Field of Dreams 710 Lone Pine Way, Verona, WI 53593",windsor-heat-inferno-prusakiewicz,verona-wildcats-brooks,1,U14,scheduled,,
g-0057,2027-06-03,17:45,"Doubledays 4568 Baxter Rd Cottage Grove, WI 53527",east-madison-mueller,siren-softball-roe,1,U14,scheduled,,
g-0058,2027-06-03,19:15,"Doubledays 4568 Baxter Rd Cottage Grove, WI 53527",east-madison-mueller,siren-softball-roe,1,U14,scheduled,,
g-0059,2027-06-03,17:45,Fort Atkinson High School 925 Lexington Blvd,deerfield-halverson,fort-jbs-unate,1,U14,scheduled,,
g-0060,2027-06-03,19:15,Fort Atkinson High School 925 Lexington Blvd,deerfield-halverson,fort-jbs-unate,1,U14,scheduled,,
g-0061,2027-06-03,17:45,"Deerfield High School Softball Field 300 Simonson Blvd, Deerfield, WI 53531",watertown-thunder-hisel,deerfield-fankhauser,1,U14,scheduled,,
g-0062,2027-06-03,19:15,"Deerfield High School Softball Field 300 Simonson Blvd, Deerfield, WI 53531",watertown-thunder-hisel,deerfield-fankhauser,1,U14,scheduled,,
g-0063,2027-06-03,17:45,"Farmington W3027 CTY B, Watertown",janesville-cyclones-forest,farmington-flames-gates,1,U14,scheduled,,
g-0064,2027-06-03,19:15,"Farmington W3027 CTY B, Watertown",janesville-cyclones-forest,farmington-flames-gates,1,U14,scheduled,,
g-0065,2027-06-07,18:00,"Oregon Jaycee Park, Field #2 275 N Perry Pkwy, Oregon, WI 53575",cambridge-white-johnson,oregon-black-sweeny,2,U10,scheduled,,
g-0066,2027-06-07,19:30,"Oregon Jaycee Park, Field #2 275 N Perry Pkwy, Oregon, WI 53575",cambridge-white-johnson,oregon-black-sweeny,2,U10,scheduled,,
g-0067,2027-06-07,18:00,"Converse Park 408 Beat Built Pkwy Marshall, WI",east-madison-kratz,marshall-altenberger,2,U10,scheduled,,
g-0068,2027-06-07,19:30,"Converse Park 408 Beat Built Pkwy Marshall, WI",east-madison-kratz,marshall-altenberger,2,U10,scheduled,,
g-0069,2027-06-07,18:00,"DeForest Athletic Complex - Kwik Trip Field 6751 River Rd, DeForest, WI 53532",marshall-sellnow-nate-kleinschmidt,windsor-heat-ignite-grundahl,2,U10,scheduled,,
g-0070,2027-06-07,19:30,"DeForest Athletic Complex - Kwik Trip Field 6751 River Rd, DeForest, WI 53532",marshall-sellnow-nate-kleinschmidt,windsor-heat-ignite-grundahl,2,U10,scheduled,,
g-0071,2027-06-07,18:00,"Rotary Park 191 Sandy Beach Rd, Lake Mills, WI 53551",lm-rec-blm-white,lm-rec-blm-boettcher,2,U10,scheduled,,
g-0072,2027-06-07,19:30,"Rotary Park 191 Sandy Beach Rd, Lake Mills, WI 53551",lm-rec-blm-white,lm-rec-blm-boettcher,2,U10,scheduled,,
g-0073,2027-06-07,18:00,Jefferson River Front Park,johnson-creek-bluejays-goulet,jefferson-pratt,2,U10,scheduled,,
g-0074,2027-06-07,19:30,Jefferson River Front Park,johnson-creek-bluejays-goulet,jefferson-pratt,2,U10,scheduled,,
g-0075,2027-06-07,18:00,"Waunakee High School Softball Fields 1001 South Street Waunakee, WI 53597",wauankee-4-koga,waunakee-purple-hoffman,2,U10,scheduled,,
g-0076,2027-06-07,19:30,"Waunakee High School Softball Fields 1001 South Street Waunakee, WI 53597",wauankee-4-koga,waunakee-purple-hoffman,2,U10,scheduled,,
g-0077,2027-06-07,18:00,"Waunakee High School Softball Fields 1001 South Street Waunakee, WI 53597",waunakee-1-sheahan,waunakee-2-hoffmann,2,U10,scheduled,,
g-0078,2027-06-07,19:30,"Waunakee High School Softball Fields 1001 South Street Waunakee, WI 53597",waunakee-1-sheahan,waunakee-2-hoffmann,2,U10,scheduled,,
g-0079,2027-06-07,18:00,"Waunakee High School Softball Fields 1001 South Street Waunakee, WI 53597",waunakee-white-schneider,waunakee-3-o-connell,2,U10,scheduled,,
g-0080,2027-06-07,19:30,"Waunakee High School Softball Fields 1001 South Street Waunakee, WI 53597",waunakee-white-schneider,waunakee-3-o-connell,2,U10,scheduled,,
g-0081,2027-06-07,18:00,"Northlawn Park 900 N Parkview St. Cottage Grove, WI 53527",cg-navy-waltz,cg-white-nelson,2,U10,scheduled,,
g-0082,2027-06-07,19:30,"Northlawn Park 900 N Parkview St. Cottage Grove, WI 53527",cg-navy-waltz,cg-white-nelson,2,U10,scheduled,,
g-0083,2027-06-07,18:00,"Meister Park 337 Middleton St, Columbus, WI 53925",clyman-quest,columbus-red-simerson,2,U10,scheduled,,
g-0084,2027-06-07,19:30,"Meister Park 337 Middleton St, Columbus, WI 53925",clyman-quest,columbus-red-simerson,2,U10,scheduled,,
g-0085,2027-06-07,18:00,"Brandt-Quirk Park, 800 Carriage Hill Dr, Watertown, WI 53098",jefferson-messman,watertown-thunder-kleine,2,U10,scheduled,,
g-0086,2027-06-07,19:30,"Brandt-Quirk Park, 800 Carriage Hill Dr, Watertown, WI 53098",jefferson-messman,watertown-thunder-kleine,2,U10,scheduled,,
g-0087,2027-06-07,18:00,"LakeView Park 1001 North St. Beaver Dam, WI 53916",waterloo-zimmermann,bd-tornados-gold-schaalma,2,U10,scheduled,,
g-0088,2027-06-07,19:30,"LakeView Park 1001 North St. Beaver Dam, WI 53916",waterloo-zimmermann,bd-tornados-gold-schaalma,2,U10,scheduled,,
g-0089,2027-06-07,18:00,"South Goodrich Park 700 E High Street Milton, WI 53563",deerfield-judkins,milton-wildcats-lanser,2,U10,scheduled,,
g-0090,2027-06-07,19:30,"South Goodrich Park 700 E High Street Milton, WI 53563",deerfield-judkins,milton-wildcats-lanser,2,U10,scheduled,,
g-0091,2027-06-07,18:00,504 De Clark St Beaver Dam. WI 53916,columbus-firebirds-guerrero,bdybs-gold-cederna,2,U10,scheduled,,
g-0092,2027-06-07,19:30,504 De Clark St Beaver Dam. WI 53916,columbus-firebirds-guerrero,bdybs-gold-cederna,2,U10,scheduled,,
g-0093,2027-06-07,18:00,"Cambridge High School, 403 Blue Jay Way",oregon-orange-hegg,cambridge-blue-becker,2,U10,scheduled,,
g-0094,2027-06-07,19:30,"Cambridge High School, 403 Blue Jay Way",oregon-orange-hegg,cambridge-blue-becker,2,U10,scheduled,,
g-0095,2027-06-07,18:00,Cambridge High School or Deefield Community Parks,rock-river-stix-pryne,wisconsin-outlawz-travis,2,U10 USA,scheduled,,
g-0096,2027-06-07,19:30,Cambridge High School or Deefield Community Parks,rock-river-stix-pryne,wisconsin-outlawz-travis,2,U10 USA,scheduled,,
g-0097,2027-06-07,18:00,"Racetrack Park, 900 Stoughton Rd, Edgerton, WI 53534",bd-tornados-panetti-2,edgerton-bilhorn,2,U10 USA,scheduled,,
g-0098,2027-06-07,19:30,"Racetrack Park, 900 Stoughton Rd, Edgerton, WI 53534",bd-tornados-panetti-2,edgerton-bilhorn,2,U10 USA,scheduled,,
g-0099,2027-06-08,17:45,"South Goodrich Park 700 E High Street Milton, WI 53563",clyman-niemuth,milton-wildcats-palan,2,U12,scheduled,,
g-0100,2027-06-08,19:15,"South Goodrich Park 700 E High Street Milton, WI 53563",clyman-niemuth,milton-wildcats-palan,2,U12,scheduled,,
g-0101,2027-06-08,17:45,"Jaycee Park 275 N. Perry Parkway Oregon, WI 53575",verona-wildcats-borelli,oregon-orange-madden,2,U12,scheduled,,
g-0102,2027-06-08,19:15,"Jaycee Park 275 N. Perry Parkway Oregon, WI 53575",verona-wildcats-borelli,oregon-orange-madden,2,U12,scheduled,,
g-0103,2027-06-08,17:45,Waunakee HIgh School softball fields Simon Crestway Waunakee WI,east-madison-muir,waunakee-purple-endres,2,U12,scheduled,,
g-0104,2027-06-08,19:15,Waunakee HIgh School softball fields Simon Crestway Waunakee WI,east-madison-muir,waunakee-purple-endres,2,U12,scheduled,,
g-0105,2027-06-08,17:45,"Converse Park 408 Best Built Pkwy Marshall, WI",janesville-cyclones-klemencic,marshall-peterson,2,U12,scheduled,,
g-0106,2027-06-08,19:15,"Converse Park 408 Best Built Pkwy Marshall, WI",janesville-cyclones-klemencic,marshall-peterson,2,U12,scheduled,,
g-0107,2027-06-08,17:45,"Racetrack Park, 900 Stoughton Rd, Edgerton, WI 53534",siren-softball-ashwill,edgerton-red-knoeck,2,U12,scheduled,,
g-0108,2027-06-08,19:15,"Racetrack Park, 900 Stoughton Rd, Edgerton, WI 53534",siren-softball-ashwill,edgerton-red-knoeck,2,U12,scheduled,,
g-0109,2027-06-08,17:45,"Lakeside Lutheran 231 Woodland Beach Rd Lake Mills, WI 53551",lm-rec-blm-boettcher-2,lakeside-dremler,2,U12,scheduled,,
g-0110,2027-06-08,19:15,"Lakeside Lutheran 231 Woodland Beach Rd Lake Mills, WI 53551",lm-rec-blm-boettcher-2,lakeside-dremler,2,U12,scheduled,,
g-0111,2027-06-08,17:45,Fort Atkinson High School 925 Lexington Blvd,cambridge-rehr,fort-jbs-telfer,2,U12,scheduled,,
g-0112,2027-06-08,19:15,Fort Atkinson High School 925 Lexington Blvd,cambridge-rehr,fort-jbs-telfer,2,U12,scheduled,,
g-0113,2027-06-08,17:45,"Rotary Park 191 Sandy Beach Rd, Lake Mills, WI 53551",fort-jbs-grady,lm-rec-blm-tellefson,2,U12,scheduled,,
g-0114,2027-06-08,19:15,"Rotary Park 191 Sandy Beach Rd, Lake Mills, WI 53551",fort-jbs-grady,lm-rec-blm-tellefson,2,U12,scheduled,,
g-0115,2027-06-08,17:45,"Meister Park 337 Middleton St, Columbus, WI 53925",milton-wildcats-popp,columbus-firebirds-rentmeester,2,U12,scheduled,,
g-0116,2027-06-08,19:15,"Meister Park 337 Middleton St, Columbus, WI 53925",milton-wildcats-popp,columbus-firebirds-rentmeester,2,U12,scheduled,,
g-0117,2027-06-08,17:45,"Deerfield High School Softball Field 300 Simonson Blvd, Deerfield, WI 53531",sp-savage-hansbro,deerfield-brobston,2,U12,scheduled,,
g-0118,2027-06-08,19:15,"Deerfield High School Softball Field 300 Simonson Blvd, Deerfield, WI 53531",sp-savage-hansbro,deerfield-brobston,2,U12,scheduled,,
g-0119,2027-06-08,17:45,"Northlawn Park 900 N Parkview St. Cottage Grove, WI 53527",edgerton-black-ames,cottage-grove-mordini,2,U12,scheduled,,
g-0120,2027-06-08,19:15,"Northlawn Park 900 N Parkview St. Cottage Grove, WI 53527",edgerton-black-ames,cottage-grove-mordini,2,U12,scheduled,,
g-0121,2027-06-08,17:45,Riverfront Park S. Wisconsin Dr,johnson-creek-bluejays-toebe,jefferson-maroon-havill,2,U12,scheduled,,
g-0122,2027-06-08,19:15,Riverfront Park S. Wisconsin Dr,johnson-creek-bluejays-toebe,jefferson-maroon-havill,2,U12,scheduled,,
g-0123,2027-06-08,17:45,"Field of Dreams 710 Lone Pine Way, Verona, WI 53593",verona-hand,verona-wildcats-beringer,2,U12,scheduled,,
g-0124,2027-06-08,19:15,"Field of Dreams 710 Lone Pine Way, Verona, WI 53593",verona-hand,verona-wildcats-beringer,2,U12,scheduled,,
g-0125,2027-06-08,17:45,"Waterloo Fireman's Park 500 Park Avenue Waterloo, WI 53594",watertown-thunder-blue-johnson,waterloo-skalitzky,2,U12,scheduled,,
g-0126,2027-06-08,19:15,"Waterloo Fireman's Park 500 Park Avenue Waterloo, WI 53594",watertown-thunder-blue-johnson,waterloo-skalitzky,2,U12,scheduled,,
g-0127,2027-06-08,17:45,"504 De Clark St Beaver Dam, WI 53916",columbus-firebirds-11u-wiemer,bdybs-gold-devitt,2,U12,scheduled,,
g-0128,2027-06-08,19:15,"504 De Clark St Beaver Dam, WI 53916",columbus-firebirds-11u-wiemer,bdybs-gold-devitt,2,U12,scheduled,,
g-0129,2027-06-08,17:45,Farmington Fields,jefferson-gold-smith,farmington-flames,2,U12,scheduled,,
g-0130,2027-06-08,19:15,Farmington Fields,jefferson-gold-smith,farmington-flames,2,U12,scheduled,,
g-0131,2027-06-09,18:00,"Waubesa Intermediate School Softball Complex 5605 Red Oak Trail McFarland, WI 53558",wisconsin-outlawz-damon,mcfarland-spartans-blue-mccullick,2,U8 Live,scheduled,,
g-0132,2027-06-09,18:00,504 De Clark St Beaver Dam. WI 53916,bd-tornados-panetti,bdybs-rookies-gold-caves,2,U8 Live,scheduled,,
g-0133,2027-06-09,18:00,"Converse Park 408 Best Built Pkwy Marshall, WI",stoughton-schroerluke,marshall-lannoy,2,U8 Live,scheduled,,
g-0134,2027-06-09,18:00,"Rotary Park 191 Sandy Beach Rd. Lake Mills, WI 53551",lm-rec-blm-zimmermann,lm-rec-blm-schultz,2,U8 Live,scheduled,,
g-0135,2027-06-09,18:00,"Meister Park 337 Middleton St, Columbus, WI 53925",waterloo-hennessy,columbus-red-farrington,2,U8 Live,scheduled,,
g-0136,2027-06-09,18:00,"Meister Park 337 Middleton St, Columbus, WI 53925",columbus-firebirds-volesky,columbus-white-breitsprecker,2,U8 Live,scheduled,,
g-0137,2027-06-09,18:00,"Concord Field W1185 Concord Center Dr, Sullivan, WI 53178",clyman-mcfarland,johnson-creek-yellow-jackets-fredrick,2,U8 Live,scheduled,,
g-0138,2027-06-09,18:00,"Cambridge High School, 403 Blue Jay Way",mcfarland-spartans-white-schuchardt,cambridge-becker,2,U8 Live,scheduled,,
g-0139,2027-06-09,17:30,"Converse Park 408 Best Built Pkwy Marshall, WI",stoughton-thompson,marshall-munson,2,U8 Mach,scheduled,,
g-0140,2027-06-09,17:30,"Rotary Park 191 Sandy Beach Rd, Lake Mills, WI 53551",cambridge-klemp,lake-mills-rec-hoffman-colvin-johnson,2,U8 Mach,scheduled,,
g-0141,2027-06-09,17:30,"Northlawn Park 900 N Parkview St. Cottage Grove, WI 53527",deerfield-schroedl,cottage-grove-ress,2,U8 Mach,scheduled,,
g-0142,2027-06-09,17:30,"Stueber Field 810 Morgan St. - Clyman, WI 53016",jefferson-bente,clyman-schuett,2,U8 Mach,scheduled,,
g-0143,2027-06-09,17:30,"Johnson Creek High School, 455 Aztalan St. Johnson Creek, WI",waterloo-tbd,johnson-creek-bluejays-tbd,2,U8 Mach,scheduled,,
g-0144,2027-06-09,17:30,"504 Declark St Beaver Dam, WI 53916",fort-jbs-scuglik,bdybs-gold-monheim,2,U8 Mach,scheduled,,
g-0145,2027-06-10,17:45,"Meister Park 337 Middleton St, Columbus, WI 53925",bd-tornados-meyers,columbus-firebirds-berget,2,U14,scheduled,,
g-0146,2027-06-10,19:15,"Meister Park 337 Middleton St, Columbus, WI 53925",bd-tornados-meyers,columbus-firebirds-berget,2,U14,scheduled,,
g-0147,2027-06-10,17:45,"East Madison Little League 1010 North St, Madison, WI 53704",oregon-black-hubert,east-madison-mueller,2,U14,scheduled,,
g-0148,2027-06-10,19:15,"East Madison Little League 1010 North St, Madison, WI 53704",oregon-black-hubert,east-madison-mueller,2,U14,scheduled,,
g-0149,2027-06-10,17:45,"300 Simonson Blvd, Deerfield, WI 53531",marshall-fisher,deerfield-halverson,2,U14,scheduled,,
g-0150,2027-06-10,19:15,"300 Simonson Blvd, Deerfield, WI 53531",marshall-fisher,deerfield-halverson,2,U14,scheduled,,
g-0151,2027-06-10,17:45,"DeForest Athletic Complex - Kwik Trip 6751 River Rd, DeForest, WI 53532",edgerton-ducher,windsor-heat-inferno-prusakiewicz,2,U14,scheduled,,
g-0152,2027-06-10,19:15,"DeForest Athletic Complex - Kwik Trip 6751 River Rd, DeForest, WI 53532",edgerton-ducher,windsor-heat-inferno-prusakiewicz,2,U14,scheduled,,
g-0153,2027-06-10,17:45,"100 S Wuthering Hills Dr Janesville, WI 53546",farmington-flames-gates,janesville-cougars-forrest,2,U14,scheduled,,
g-0154,2027-06-10,19:15,"100 S Wuthering Hills Dr Janesville, WI 53546",farmington-flames-gates,janesville-cougars-forrest,2,U14,scheduled,,
g-0155,2027-06-10,17:45,"Doubledays 4568 Baxter Rd Cottage Grove, WI 53527",verona-wildcats-brooks,siren-softball-roe,2,U14,scheduled,,
g-0156,2027-06-10,19:15,"Doubledays 4568 Baxter Rd Cottage Grove, WI 53527",verona-wildcats-brooks,siren-softball-roe,2,U14,scheduled,,
g-0157,2027-06-10,17:45,Fort Atkinson High School 925 Lexington Blvd,deerfield-fankhauser,fort-jbs-unate,2,U14,scheduled,,
g-0158,2027-06-10,19:15,Fort Atkinson High School 925 Lexington Blvd,deerfield-fankhauser,fort-jbs-unate,2,U14,scheduled,,
g-0159,2027-06-10,17:45,"Brandt-Quirk Park - 800 Carriage Hill Dr, Watertown, WI 53098",jefferson-lipshetz,watertown-thunder-hisel,2,U14,scheduled,,
g-0160,2027-06-10,19:15,"Brandt-Quirk Park - 800 Carriage Hill Dr, Watertown, WI 53098",jefferson-lipshetz,watertown-thunder-hisel,2,U14,scheduled,,
g-0161,2027-06-10,17:45,100 S Wuthering Hills Dr Janesville Wi 53546,bdybs-juniors-gold-pogorelec,janesville-cyclones-forest,2,U14,scheduled,,
g-0162,2027-06-10,19:15,100 S Wuthering Hills Dr Janesville Wi 53546,bdybs-juniors-gold-pogorelec,janesville-cyclones-forest,2,U14,scheduled,,
g-0163,2027-06-14,18:00,"Ihde Field 810 Morgan St. - Clyman, WI 53016",bd-tornados-gold-schaalma,clyman-quest,3,U10,scheduled,,
g-0164,2027-06-14,19:30,"Ihde Field 810 Morgan St. - Clyman, WI 53016",bd-tornados-gold-schaalma,clyman-quest,3,U10,scheduled,,
g-0165,2027-06-14,18:00,"Jaycee Park 275 N Perry Parkway Oregon, WI 53575",fort-jbs-starks,oregon-orange-hegg,3,U10,scheduled,,
g-0166,2027-06-14,19:30,"Jaycee Park 275 N Perry Parkway Oregon, WI 53575",fort-jbs-starks,oregon-orange-hegg,3,U10,scheduled,,
g-0167,2027-06-14,18:00,"Converse Park 408 Beat Built Pkwy Marshall, WI",windsor-heat-ignite-grundahl,marshall-altenberger,3,U10,scheduled,,
g-0168,2027-06-14,19:30,"Converse Park 408 Beat Built Pkwy Marshall, WI",windsor-heat-ignite-grundahl,marshall-altenberger,3,U10,scheduled,,
g-0169,2027-06-14,18:00,"Converse Park 408 Best Built Pkwy Marshall, WI",cg-white-nelson,marshall-sellnow-nate-kleinschmidt,3,U10,scheduled,,
g-0170,2027-06-14,19:30,"Converse Park 408 Best Built Pkwy Marshall, WI",cg-white-nelson,marshall-sellnow-nate-kleinschmidt,3,U10,scheduled,,
g-0171,2027-06-14,18:00,"Johnson Creek High School, 455 Aztalan St, Johnson Creek, WI",lm-rec-blm-boettcher,johnson-creek-bluejays-goulet,3,U10,scheduled,,
g-0172,2027-06-14,19:30,"Johnson Creek High School, 455 Aztalan St, Johnson Creek, WI",lm-rec-blm-boettcher,johnson-creek-bluejays-goulet,3,U10,scheduled,,
g-0173,2027-06-14,18:00,Jefferson River Front Park,watertown-thunder-kleine,jefferson-pratt,3,U10,scheduled,,
g-0174,2027-06-14,19:30,Jefferson River Front Park,watertown-thunder-kleine,jefferson-pratt,3,U10,scheduled,,
g-0175,2027-06-14,18:00,"Rotary Park 191 Sandy Beach Rd, Lake Mills, WI 53551",jefferson-messman,lm-rec-blm-white,3,U10,scheduled,,
g-0176,2027-06-14,19:30,"Rotary Park 191 Sandy Beach Rd, Lake Mills, WI 53551",jefferson-messman,lm-rec-blm-white,3,U10,scheduled,,
g-0177,2027-06-14,18:00,"Waunakee High School Softball Fields 1001 South Street Waunakee, WI 53597",waunakee-1-sheahan,waunakee-white-schneider,3,U10,scheduled,,
g-0178,2027-06-14,19:30,"Waunakee High School Softball Fields 1001 South Street Waunakee, WI 53597",waunakee-1-sheahan,waunakee-white-schneider,3,U10,scheduled,,
g-0179,2027-06-14,18:00,"Waunakee High School Softball Fields 1001 South Street Waunakee, WI 53597",waunakee-purple-hoffman,waunakee-3-o-connell,3,U10,scheduled,,
g-0180,2027-06-14,19:30,"Waunakee High School Softball Fields 1001 South Street Waunakee, WI 53597",waunakee-purple-hoffman,waunakee-3-o-connell,3,U10,scheduled,,
g-0181,2027-06-14,18:00,"Waunakee High School 1001 South Street Waunakee, WI 53597",waunakee-2-hoffmann,wauankee-4-koga,3,U10,scheduled,,
g-0182,2027-06-14,19:30,"Waunakee High School 1001 South Street Waunakee, WI 53597",waunakee-2-hoffmann,wauankee-4-koga,3,U10,scheduled,,
g-0183,2027-06-14,18:00,"East Madison Little League 1010 North St, Madison, WI 53704",cg-navy-waltz,east-madison-kratz,3,U10,scheduled,,
g-0184,2027-06-14,19:30,"East Madison Little League 1010 North St, Madison, WI 53704",cg-navy-waltz,east-madison-kratz,3,U10,scheduled,,
g-0185,2027-06-14,18:00,"Meister Park 337 Middleton St, Columbus, WI 53925",waterloo-zimmermann,columbus-firebirds-guerrero,3,U10,scheduled,,
g-0186,2027-06-14,19:30,"Meister Park 337 Middleton St, Columbus, WI 53925",waterloo-zimmermann,columbus-firebirds-guerrero,3,U10,scheduled,,
g-0187,2027-06-14,18:00,"Cambridge High School - 403 Blue Jay Way, Cambridge",milton-wildcats-lanser,cambridge-white-johnson,3,U10,scheduled,,
g-0188,2027-06-14,19:30,"Cambridge High School - 403 Blue Jay Way, Cambridge",milton-wildcats-lanser,cambridge-white-johnson,3,U10,scheduled,,
g-0189,2027-06-14,18:00,504 De Clark St Beaver Dam. WI 53916,columbus-red-simerson,bdybs-gold-cederna,3,U10,scheduled,,
g-0190,2027-06-14,19:30,504 De Clark St Beaver Dam. WI 53916,columbus-red-simerson,bdybs-gold-cederna,3,U10,scheduled,,
g-0191,2027-06-14,18:00,"Deerfield Community Park North Field 310 S Industrial Park Rd, Deerfield, WI 53531",cambridge-blue-becker,deerfield-judkins,3,U10,scheduled,,
g-0192,2027-06-14,19:30,"Deerfield Community Park North Field 310 S Industrial Park Rd, Deerfield, WI 53531",cambridge-blue-becker,deerfield-judkins,3,U10,scheduled,,
g-0193,2027-06-14,18:00,"Racetrack Park, 900 Stoughton Rd, Edgerton, WI 53534",wisconsin-outlawz-travis,edgerton-bilhorn,3,U10 USA,scheduled,,
g-0194,2027-06-14,19:30,"Racetrack Park, 900 Stoughton Rd, Edgerton, WI 53534",wisconsin-outlawz-travis,edgerton-bilhorn,3,U10 USA,scheduled,,
g-0195,2027-06-14,18:00,"Lakeview Park 817 North Street Beaver Dam, WI 53916",waunakee-riek,bd-tornados-panetti-2,3,U10 USA,scheduled,,
g-0196,2027-06-14,19:30,"Lakeview Park 817 North Street Beaver Dam, WI 53916",waunakee-riek,bd-tornados-panetti-2,3,U10 USA,scheduled,,
g-0197,2027-06-15,17:45,"Ihde Field 810 Morgan St. Clyman, WI 53016",columbus-firebirds-rentmeester,clyman-niemuth,3,U12,scheduled,,
g-0198,2027-06-15,19:15,"Ihde Field 810 Morgan St. Clyman, WI 53016",columbus-firebirds-rentmeester,clyman-niemuth,3,U12,scheduled,,
g-0199,2027-06-15,17:45,Waunakee HIgh School softball fields Simon Crestway Waunakee WI,verona-wildcats-beringer,waunakee-purple-endres,3,U12,scheduled,,
g-0200,2027-06-15,19:15,Waunakee HIgh School softball fields Simon Crestway Waunakee WI,verona-wildcats-beringer,waunakee-purple-endres,3,U12,scheduled,,
g-0201,2027-06-15,17:45,"Meister Park 337 Middleton St, Columbus, WI 53925",milton-wildcats-popp,columbus-firebirds-11u-wiemer,3,U12,scheduled,,
g-0202,2027-06-15,19:15,"Meister Park 337 Middleton St, Columbus, WI 53925",milton-wildcats-popp,columbus-firebirds-11u-wiemer,3,U12,scheduled,,
g-0203,2027-06-15,17:45,"South Goodrich Park 700 E High Street Milton, WI 53563",janesville-cyclones-klemencic,milton-wildcats-palan,3,U12,scheduled,,
g-0204,2027-06-15,19:15,"South Goodrich Park 700 E High Street Milton, WI 53563",janesville-cyclones-klemencic,milton-wildcats-palan,3,U12,scheduled,,
g-0205,2027-06-15,17:45,"Northlawn Park 900 N Parkview St. Cottage Grove, WI 53527",edgerton-black-ames,sp-savage-hansbro,3,U12,scheduled,,
g-0206,2027-06-15,19:15,"Northlawn Park 900 N Parkview St. Cottage Grove, WI 53527",edgerton-black-ames,sp-savage-hansbro,3,U12,scheduled,,
g-0207,2027-06-15,17:45,"East Madison Little League; 1010 North St, Madison, WI 53704",verona-wildcats-borelli,east-madison-muir,3,U12,scheduled,,
g-0208,2027-06-15,19:15,"East Madison Little League; 1010 North St, Madison, WI 53704",verona-wildcats-borelli,east-madison-muir,3,U12,scheduled,,
g-0209,2027-06-15,17:45,"Doubledays 4586 Baxter Rd, Cottage Grove, WI 53527",cottage-grove-mordini,siren-softball-ashwill,3,U12,scheduled,,
g-0210,2027-06-15,19:15,"Doubledays 4586 Baxter Rd, Cottage Grove, WI 53527",cottage-grove-mordini,siren-softball-ashwill,3,U12,scheduled,,
g-0211,2027-06-15,17:45,"Rotary Park 191 Sandy Beach Rd, Lake Mills, WI 53551",fort-jbs-telfer,lm-rec-blm-boettcher-2,3,U12,scheduled,,
g-0212,2027-06-15,19:15,"Rotary Park 191 Sandy Beach Rd, Lake Mills, WI 53551",fort-jbs-telfer,lm-rec-blm-boettcher-2,3,U12,scheduled,,
g-0213,2027-06-15,17:45,Brandt Quirk,jefferson-gold-smith,watertown-thunder-blue-johnson,3,U12,scheduled,,
g-0214,2027-06-15,19:15,Brandt Quirk,jefferson-gold-smith,watertown-thunder-blue-johnson,3,U12,scheduled,,
g-0215,2027-06-15,17:45,Fort Atkinson High School 925 Lexington Blvd,lakeside-dremler,fort-jbs-grady,3,U12,scheduled,,
g-0216,2027-06-15,19:15,Fort Atkinson High School 925 Lexington Blvd,lakeside-dremler,fort-jbs-grady,3,U12,scheduled,,
g-0217,2027-06-15,17:45,"Deerfield High School Softball Field 300 Simonson Blvd, Deerfield, WI 53531",edgerton-red-knoeck,deerfield-brobston,3,U12,scheduled,,
g-0218,2027-06-15,19:15,"Deerfield High School Softball Field 300 Simonson Blvd, Deerfield, WI 53531",edgerton-red-knoeck,deerfield-brobston,3,U12,scheduled,,
g-0219,2027-06-15,17:45,"Johnson Creek High School 455 Aztalan St. Johnson Creek, WI 53039",farmington-flames,johnson-creek-bluejays-toebe,3,U12,scheduled,,
g-0220,2027-06-15,19:15,"Johnson Creek High School 455 Aztalan St. Johnson Creek, WI 53039",farmington-flames,johnson-creek-bluejays-toebe,3,U12,scheduled,,
g-0221,2027-06-15,17:45,"Field of Dreams 710 Lone Pine Way, Verona, WI 53593",oregon-orange-madden,verona-hand,3,U12,scheduled,,
g-0222,2027-06-15,19:15,"Field of Dreams 710 Lone Pine Way, Verona, WI 53593",oregon-orange-madden,verona-hand,3,U12,scheduled,,
g-0223,2027-06-15,17:45,Riverfront Park S. Wisconsin Dr,waterloo-skalitzky,jefferson-maroon-havill,3,U12,scheduled,,
g-0224,2027-06-15,19:15,Riverfront Park S. Wisconsin Dr,waterloo-skalitzky,jefferson-maroon-havill,3,U12,scheduled,,
g-0225,2027-06-15,17:45,"504 De Clark St Beaver Dam, WI 53916",marshall-peterson,bdybs-gold-devitt,3,U12,scheduled,,
g-0226,2027-06-15,19:15,"504 De Clark St Beaver Dam, WI 53916",marshall-peterson,bdybs-gold-devitt,3,U12,scheduled,,
g-0227,2027-06-15,17:45,"Cambridge High School, 403 Blue Jay Way",lm-rec-blm-tellefson,cambridge-rehr,3,U12,scheduled,,
g-0228,2027-06-15,19:15,"Cambridge High School, 403 Blue Jay Way",lm-rec-blm-tellefson,cambridge-rehr,3,U12,scheduled,,
g-0229,2027-06-16,18:00,"Doubledays 4586 Baxter Rd Cottage Grove, WI 53527",cambridge-becker,wisconsin-outlawz-damon,3,U8 Live,scheduled,,
g-0230,2027-06-16,18:00,"Stueber Field 810 Morgan St - Clyman, WI 53016",jc-yellow-jackets-tonies,clyman-mcfarland,3,U8 Live,scheduled,,
g-0231,2027-06-16,18:00,"Converse Park 408 Best Built Pkwy Marshall, WI",mcfarland-spartans-blue-mccullick,marshall-lannoy,3,U8 Live,scheduled,,
g-0232,2027-06-16,18:00,"Rotary Park 191 Sandy Beach Rd, Lake Mills, WI 53551",columbus-red-farrington,lm-rec-blm-zimmermann,3,U8 Live,scheduled,,
g-0233,2027-06-16,18:00,"Meister Park 337 Middleton St, Columbus, WI 53925",lm-rec-blm-schultz,columbus-white-breitsprecker,3,U8 Live,scheduled,,
g-0234,2027-06-16,18:00,Stoughton JV Park,mcfarland-spartans-white-schuchardt,stoughton-schroerluke,3,U8 Live,scheduled,,
g-0235,2027-06-16,18:00,"Meister Park 337 Middleton St, Columbus, WI 53925",waterloo-hennessy,columbus-firebirds-volesky,3,U8 Live,scheduled,,
g-0236,2027-06-16,18:00,504 De Clark St Beaver Dam. WI 53916,johnson-creek-yellow-jackets-fredrick,bdybs-rookies-gold-caves,3,U8 Live,scheduled,,
g-0237,2027-06-16,17:30,"Stueber Field 810 Morgan St. - Clyman, WI 53016",bdybs-gold-monheim,clyman-schuett,3,U8 Mach,scheduled,,
g-0238,2027-06-16,17:30,"Rotary Park 191 Sandy Beach Rd, Lake Mills, WI 53551",cottage-grove-ress,lake-mills-rec-hoffman-colvin-johnson,3,U8 Mach,scheduled,,
g-0239,2027-06-16,17:30,Fort Atkinson High School 925 Lexington Blvd,bdybs-green-kahler,fort-jbs-scuglik,3,U8 Mach,scheduled,,
g-0240,2027-06-16,17:30,"Deerfield Fireman's Park Softball Field 5, Park Dr, Deerfield, WI 53531",marshall-munson,deerfield-schroedl,3,U8 Mach,scheduled,,
g-0241,2027-06-16,17:30,Riverfront Park 589-729 S Wisconsin Dr Jefferson 53549,johnson-creek-bluejays-tbd,jefferson-bente,3,U8 Mach,scheduled,,
g-0242,2027-06-16,17:30,"Cambridge High School, 403 Blue Jay Way",stoughton-thompson,cambridge-klemp,3,U8 Mach,scheduled,,
g-0243,2027-06-16,19:00,Lake Country Lutheran High School 401 campus dr hartland wi 53029,waterloo-schaumann,lake-country-thunder-white-merritt,3,uHigh,scheduled,,
g-0244,2027-06-16,19:00,Riverfront Park. 729 S. Wisconsin Drive,columbus-rake,jefferson-smith,3,uHigh,scheduled,,
g-0245,2027-06-16,19:00,"Field of Dreams 710 Lone Pine Way, Verona, WI 53593",hartford-velocity-lecher,verona-wildcats-graber,3,uHigh,scheduled,,
g-0246,2027-06-16,19:00,Fort Atkinson High School 925 Lexington Blvd,watertown-thunder-hisel-2,fort-jbs-fehrman,3,uHigh,scheduled,,
g-0247,2027-06-17,17:45,Lakeview Park North St. Beaver Dam,janesville-cougars-forrest,bd-tornados-meyers,3,U14,scheduled,,
g-0248,2027-06-17,19:15,Lakeview Park North St. Beaver Dam,janesville-cougars-forrest,bd-tornados-meyers,3,U14,scheduled,,
g-0249,2027-06-17,17:45,"Oregon Jaycee Park 275 N Perry Pkwy Oregon, WI 53575",siren-softball-roe,oregon-black-hubert,3,U14,scheduled,,
g-0250,2027-06-17,19:15,"Oregon Jaycee Park 275 N Perry Pkwy Oregon, WI 53575",siren-softball-roe,oregon-black-hubert,3,U14,scheduled,,
g-0251,2027-06-17,17:45,"Converse Park 408 Best Built Pkwy. Marshall, WI",fort-jbs-unate,marshall-fisher,3,U14,scheduled,,
g-0252,2027-06-17,19:15,"Converse Park 408 Best Built Pkwy. Marshall, WI",fort-jbs-unate,marshall-fisher,3,U14,scheduled,,
g-0253,2027-06-17,17:45,"DeForest Athletic Complex - Kwik Trip 6751 River Rd, DeForest, WI 53532",east-madison-mueller,windsor-heat-inferno-prusakiewicz,3,U14,scheduled,,
g-0254,2027-06-17,19:15,"DeForest Athletic Complex - Kwik Trip 6751 River Rd, DeForest, WI 53532",east-madison-mueller,windsor-heat-inferno-prusakiewicz,3,U14,scheduled,,
g-0255,2027-06-17,17:45,"Racetrack Park, 900 Stoughton Rd, Edgerton, WI 53534",verona-wildcats-brooks,edgerton-ducher,3,U14,scheduled,,
g-0256,2027-06-17,19:15,"Racetrack Park, 900 Stoughton Rd, Edgerton, WI 53534",verona-wildcats-brooks,edgerton-ducher,3,U14,scheduled,,
g-0257,2027-06-17,17:45,"Riverfront Park, Diamond 2",deerfield-fankhauser,jefferson-lipshetz,3,U14,scheduled,,
g-0258,2027-06-17,19:15,"Riverfront Park, Diamond 2",deerfield-fankhauser,jefferson-lipshetz,3,U14,scheduled,,
g-0259,2027-06-17,17:45,"Brandt-Quirk Park - 800 Carriage Hill Dr, Watertown, WI 53098",deerfield-halverson,watertown-thunder-hisel,3,U14,scheduled,,
g-0260,2027-06-17,19:15,"Brandt-Quirk Park - 800 Carriage Hill Dr, Watertown, WI 53098",deerfield-halverson,watertown-thunder-hisel,3,U14,scheduled,,
g-0261,2027-06-17,17:45,100 S Wuthering Hills Dr Janesville Wi 53546,columbus-firebirds-berget,janesville-cyclones-forest,3,U14,scheduled,,
g-0262,2027-06-17,19:15,100 S Wuthering Hills Dr Janesville Wi 53546,columbus-firebirds-berget,janesville-cyclones-forest,3,U14,scheduled,,
g-0263,2027-06-17,17:45,"504 Declark St Beaver Dam, WI 53916",farmington-flames-gates,bdybs-juniors-gold-pogorelec,3,U14,scheduled,,
g-0264,2027-06-17,19:15,"504 Declark St Beaver Dam, WI 53916",farmington-flames-gates,bdybs-juniors-gold-pogorelec,3,U14,scheduled,,
g-0265,2027-06-21,18:00,"Ihde Field 810 Morgan St. - Clyman, WI 53016",columbus-firebirds-guerrero,clyman-quest,4,U10,scheduled,,
g-0266,2027-06-21,19:30,"Ihde Field 810 Morgan St. - Clyman, WI 53016",columbus-firebirds-guerrero,clyman-quest,4,U10,scheduled,,
g-0267,2027-06-21,18:00,"Converse Park 408 Best Built Pkwy Marshall, WI",east-madison-kratz,marshall-sellnow-nate-kleinschmidt,4,U10,scheduled,,
g-0268,2027-06-21,19:30,"Converse Park 408 Best Built Pkwy Marshall, WI",east-madison-kratz,marshall-sellnow-nate-kleinschmidt,4,U10,scheduled,,
g-0269,2027-06-21,18:00,"Northlawn Park 900 N Parkview St. Cottage Grove, WI 53527",windsor-heat-ignite-grundahl,cg-white-nelson,4,U10,scheduled,,
g-0270,2027-06-21,19:30,"Northlawn Park 900 N Parkview St. Cottage Grove, WI 53527",windsor-heat-ignite-grundahl,cg-white-nelson,4,U10,scheduled,,
g-0271,2027-06-21,18:00,"Rotary Park 191 Sandy Beach Rd, Lake Mills, WI 53551",jefferson-pratt,lm-rec-blm-boettcher,4,U10,scheduled,,
g-0272,2027-06-21,19:30,"Rotary Park 191 Sandy Beach Rd, Lake Mills, WI 53551",jefferson-pratt,lm-rec-blm-boettcher,4,U10,scheduled,,
g-0273,2027-06-21,18:00,Fort Atkinson High School 925 Lexington Blvd,oregon-black-sweeny,fort-jbs-starks,4,U10,scheduled,,
g-0274,2027-06-21,19:30,Fort Atkinson High School 925 Lexington Blvd,oregon-black-sweeny,fort-jbs-starks,4,U10,scheduled,,
g-0275,2027-06-21,18:00,"Waunakee High School Softball Fields 1001 South Street Waunakee, WI 53597",waunakee-purple-hoffman,waunakee-2-hoffmann,4,U10,scheduled,,
g-0276,2027-06-21,19:30,"Waunakee High School Softball Fields 1001 South Street Waunakee, WI 53597",waunakee-purple-hoffman,waunakee-2-hoffmann,4,U10,scheduled,,
g-0277,2027-06-21,18:00,Jefferson River Front Park,johnson-creek-bluejays-goulet,jefferson-messman,4,U10,scheduled,,
g-0278,2027-06-21,19:30,Jefferson River Front Park,johnson-creek-bluejays-goulet,jefferson-messman,4,U10,scheduled,,
g-0279,2027-06-21,18:00,"Deerfield Community Park North Field 310 S Industrial Park Rd, Deerfield, WI 53531",oregon-orange-hegg,deerfield-judkins,4,U10,scheduled,,
g-0280,2027-06-21,19:30,"Deerfield Community Park North Field 310 S Industrial Park Rd, Deerfield, WI 53531",oregon-orange-hegg,deerfield-judkins,4,U10,scheduled,,
g-0281,2027-06-21,18:00,"Waunakee High School Softball Fields 1001 South Street Waunakee, WI 53597",waunakee-3-o-connell,waunakee-1-sheahan,4,U10,scheduled,,
g-0282,2027-06-21,19:30,"Waunakee High School Softball Fields 1001 South Street Waunakee, WI 53597",waunakee-3-o-connell,waunakee-1-sheahan,4,U10,scheduled,,
g-0283,2027-06-21,18:00,"Waunakee High School 1001 South Street Waunakee, WI 53597",waunakee-white-schneider,wauankee-4-koga,4,U10,scheduled,,
g-0284,2027-06-21,19:30,"Waunakee High School 1001 South Street Waunakee, WI 53597",waunakee-white-schneider,wauankee-4-koga,4,U10,scheduled,,
g-0285,2027-06-21,18:00,"Northlawn Park 900 N Parkview St. Cottage Grove, WI 53527",marshall-altenberger,cg-navy-waltz,4,U10,scheduled,,
g-0286,2027-06-21,19:30,"Northlawn Park 900 N Parkview St. Cottage Grove, WI 53527",marshall-altenberger,cg-navy-waltz,4,U10,scheduled,,
g-0287,2027-06-21,18:00,"LakeView Park 1001 North St. Beaver Dam, WI 53916",columbus-red-simerson,bd-tornados-gold-schaalma,4,U10,scheduled,,
g-0288,2027-06-21,19:30,"LakeView Park 1001 North St. Beaver Dam, WI 53916",columbus-red-simerson,bd-tornados-gold-schaalma,4,U10,scheduled,,
g-0289,2027-06-21,18:00,"Brandt-Quirk Park, 800 Carriage Hill Dr, Watertown, WI 53098",lm-rec-blm-white,watertown-thunder-kleine,4,U10,scheduled,,
g-0290,2027-06-21,19:30,"Brandt-Quirk Park, 800 Carriage Hill Dr, Watertown, WI 53098",lm-rec-blm-white,watertown-thunder-kleine,4,U10,scheduled,,
g-0291,2027-06-21,18:00,"Waterloo Fireman's Park 500 Park Avenue Waterloo, WI 53594",bdybs-gold-cederna,waterloo-zimmermann,4,U10,scheduled,,
g-0292,2027-06-21,19:30,"Waterloo Fireman's Park 500 Park Avenue Waterloo, WI 53594",bdybs-gold-cederna,waterloo-zimmermann,4,U10,scheduled,,
g-0293,2027-06-21,18:00,"Cambridge High School, 403 Blue Jay Way",cambridge-white-johnson,cambridge-blue-becker,4,U10,scheduled,,
g-0294,2027-06-21,19:30,"Cambridge High School, 403 Blue Jay Way",cambridge-white-johnson,cambridge-blue-becker,4,U10,scheduled,,
g-0295,2027-06-21,18:00,Cambridge High School or Deefield Community Parks,bd-tornados-panetti-2,wisconsin-outlawz-travis,4,U10 USA,scheduled,,
g-0296,2027-06-21,19:30,Cambridge High School or Deefield Community Parks,bd-tornados-panetti-2,wisconsin-outlawz-travis,4,U10 USA,scheduled,,
g-0297,2027-06-21,18:00,"Waunakee High School Softball Fields 1001 South Street Waunakee, WI 53597",rock-river-stix-pryne,waunakee-riek,4,U10 USA,scheduled,,
g-0298,2027-06-21,19:30,"Waunakee High School Softball Fields 1001 South Street Waunakee, WI 53597",rock-river-stix-pryne,waunakee-riek,4,U10 USA,scheduled,,
g-0299,2027-06-22,17:45,"South Goodrich Park 700 E High Street Milton, WI 53563",clyman-niemuth,milton-wildcats-popp,4,U12,scheduled,,
g-0300,2027-06-22,19:15,"South Goodrich Park 700 E High Street Milton, WI 53563",clyman-niemuth,milton-wildcats-popp,4,U12,scheduled,,
g-0301,2027-06-22,17:45,Brandt Quirk,jefferson-maroon-havill,watertown-thunder-blue-johnson,4,U12,scheduled,,
g-0302,2027-06-22,19:15,Brandt Quirk,jefferson-maroon-havill,watertown-thunder-blue-johnson,4,U12,scheduled,,
g-0303,2027-06-22,17:45,"East Madison Little League; 1010 North St, Madison, WI 53704",verona-wildcats-beringer,east-madison-muir,4,U12,scheduled,,
g-0304,2027-06-22,19:15,"East Madison Little League; 1010 North St, Madison, WI 53704",verona-wildcats-beringer,east-madison-muir,4,U12,scheduled,,
g-0305,2027-06-22,17:45,Waunakee HIgh School softball fields Simon Crestway Waunakee WI,oregon-orange-madden,waunakee-purple-endres,4,U12,scheduled,,
g-0306,2027-06-22,19:15,Waunakee HIgh School softball fields Simon Crestway Waunakee WI,oregon-orange-madden,waunakee-purple-endres,4,U12,scheduled,,
g-0307,2027-06-22,17:45,"100 S Wuthering Hills Dr Janesville, WI 53546",columbus-firebirds-rentmeester,janesville-cyclones-klemencic,4,U12,scheduled,,
g-0308,2027-06-22,19:15,"100 S Wuthering Hills Dr Janesville, WI 53546",columbus-firebirds-rentmeester,janesville-cyclones-klemencic,4,U12,scheduled,,
g-0309,2027-06-22,17:45,"Racetrack Park, 900 Stoughton Rd, Edgerton, WI 53534",siren-softball-ashwill,edgerton-black-ames,4,U12,scheduled,,
g-0310,2027-06-22,19:15,"Racetrack Park, 900 Stoughton Rd, Edgerton, WI 53534",siren-softball-ashwill,edgerton-black-ames,4,U12,scheduled,,
g-0311,2027-06-22,17:45,"Rotary Park 191 Sandy Beach Rd, Lake Mills, WI 53551",cambridge-rehr,lm-rec-blm-boettcher-2,4,U12,scheduled,,
g-0312,2027-06-22,19:15,"Rotary Park 191 Sandy Beach Rd, Lake Mills, WI 53551",cambridge-rehr,lm-rec-blm-boettcher-2,4,U12,scheduled,,
g-0313,2027-06-22,17:45,"Rotary Park 191 Sandy Beach Rd, Lake Mills, WI 53551",lakeside-dremler,lm-rec-blm-tellefson,4,U12,scheduled,,
g-0314,2027-06-22,19:15,"Rotary Park 191 Sandy Beach Rd, Lake Mills, WI 53551",lakeside-dremler,lm-rec-blm-tellefson,4,U12,scheduled,,
g-0315,2027-06-22,17:45,Fort Atkinson High School 925 Lexington Blvd,fort-jbs-telfer,fort-jbs-grady,4,U12,scheduled,,
g-0316,2027-06-22,19:15,Fort Atkinson High School 925 Lexington Blvd,fort-jbs-telfer,fort-jbs-grady,4,U12,scheduled,,
g-0317,2027-06-22,17:45,"Meister Park 337 Middleton St, Columbus, WI 53925",marshall-peterson,columbus-firebirds-11u-wiemer,4,U12,scheduled,,
g-0318,2027-06-22,19:15,"Meister Park 337 Middleton St, Columbus, WI 53925",marshall-peterson,columbus-firebirds-11u-wiemer,4,U12,scheduled,,
g-0319,2027-06-22,17:45,"Northlawn Park 900 N Parkview St. Cottage Grove, WI 53527",edgerton-red-knoeck,sp-savage-hansbro,4,U12,scheduled,,
g-0320,2027-06-22,19:15,"Northlawn Park 900 N Parkview St. Cottage Grove, WI 53527",edgerton-red-knoeck,sp-savage-hansbro,4,U12,scheduled,,
g-0321,2027-06-22,17:45,"Deerfield High School Softball Field 300 Simonson Blvd, Deerfield, WI 53531",cottage-grove-mordini,deerfield-brobston,4,U12,scheduled,,
g-0322,2027-06-22,19:15,"Deerfield High School Softball Field 300 Simonson Blvd, Deerfield, WI 53531",cottage-grove-mordini,deerfield-brobston,4,U12,scheduled,,
g-0323,2027-06-22,17:45,"Riverfront Park 588-729 Wisconsin Drive, Jefferson",johnson-creek-bluejays-toebe,jefferson-gold-smith,4,U12,scheduled,,
g-0324,2027-06-22,19:15,"Riverfront Park 588-729 Wisconsin Drive, Jefferson",johnson-creek-bluejays-toebe,jefferson-gold-smith,4,U12,scheduled,,
g-0325,2027-06-22,17:45,"Field of Dreams 710 Lone Pine Way, Verona, WI 53593",verona-hand,verona-wildcats-borelli,4,U12,scheduled,,
g-0326,2027-06-22,19:15,"Field of Dreams 710 Lone Pine Way, Verona, WI 53593",verona-hand,verona-wildcats-borelli,4,U12,scheduled,,
g-0327,2027-06-22,17:45,"Waterloo Fireman's Park 500 Park Avenue Waterloo, WI 53594",farmington-flames,waterloo-skalitzky,4,U12,scheduled,,
g-0328,2027-06-22,19:15,"Waterloo Fireman's Park 500 Park Avenue Waterloo, WI 53594",farmington-flames,waterloo-skalitzky,4,U12,scheduled,,
g-0329,2027-06-22,17:45,"South Goodrich Park 700 E High Street Milton, WI 53563",bdybs-gold-devitt,milton-wildcats-palan,4,U12,scheduled,,
g-0330,2027-06-22,19:15,"South Goodrich Park 700 E High Street Milton, WI 53563",bdybs-gold-devitt,milton-wildcats-palan,4,U12,scheduled,,
g-0331,2027-06-23,18:00,"Waubesa Intermediate School Softball Complex 5605 Red Oak Trail McFarland, WI 53558",wisconsin-outlawz-damon,mcfarland-spartans-white-schuchardt,4,U8 Live,scheduled,,
g-0332,2027-06-23,18:00,"Concord Field: W1240 Concord Center Dr., Sullivan, WI",bd-tornados-panetti,jc-yellow-jackets-tonies,4,U8 Live,scheduled,,
g-0333,2027-06-23,18:00,"Converse Park 408 Best Built Pkwy Marshall, WI",cambridge-becker,marshall-lannoy,4,U8 Live,scheduled,,
g-0334,2027-06-23,18:00,"Waterloo Fireman's Park 500 Park Avenue Waterloo, WI 53594",lm-rec-blm-zimmermann,waterloo-hennessy,4,U8 Live,scheduled,,
g-0335,2027-06-23,18:00,"Meister Park 337 Middleton St, Columbus, WI 53925",lm-rec-blm-schultz,columbus-firebirds-volesky,4,U8 Live,scheduled,,
g-0336,2027-06-23,18:00,"Meister Park 337 Middleton St, Columbus, WI 53925",columbus-red-farrington,columbus-white-breitsprecker,4,U8 Live,scheduled,,
g-0337,2027-06-23,18:00,Stoughton JV Park,mcfarland-spartans-blue-mccullick,stoughton-schroerluke,4,U8 Live,scheduled,,
g-0338,2027-06-23,18:00,"Stueber Field 810 Morgan St - Clyman, WI 53016",bdybs-rookies-gold-caves,clyman-mcfarland,4,U8 Live,scheduled,,
g-0339,2027-06-23,17:30,Fort Atkinson High School 925 Lexington Blvd,clyman-schuett,fort-jbs-scuglik,4,U8 Mach,scheduled,,
g-0340,2027-06-23,17:30,"Rotary Park 191 Sandy Beach Rd, Lake Mills, WI 53551",marshall-munson,lake-mills-rec-hoffman-colvin-johnson,4,U8 Mach,scheduled,,
g-0341,2027-06-23,17:30,"Racetrack Park Racetrack Road Stoughton, WI 53589",deerfield-schroedl,stoughton-thompson,4,U8 Mach,scheduled,,
g-0342,2027-06-23,17:30,"Johnson Creek High School, 455 Aztalan St. Johnson Creek, WI",bdybs-gold-monheim,johnson-creek-bluejays-tbd,4,U8 Mach,scheduled,,
g-0343,2027-06-23,17:30,"504 De Clark St Beaver Dam, WI 53916",waterloo-tbd,bdybs-green-kahler,4,U8 Mach,scheduled,,
g-0344,2027-06-23,17:30,"Cambridge High School, 403 Blue Jay Way",cottage-grove-ress,cambridge-klemp,4,U8 Mach,scheduled,,
g-0345,2027-06-23,19:00,Lake Country Lutheran High School 401 campus dr hartland wi 53029,verona-wildcats-graber,lake-country-thunder-white-merritt,4,uHigh,scheduled,,
g-0346,2027-06-23,19:00,"Waterloo Fireman's Park 500 Park Avenue Waterloo, WI 53594",jefferson-smith,waterloo-schaumann,4,uHigh,scheduled,,
g-0347,2027-06-23,19:00,"Independence Park 808 S Wilson Ave, Hartford, WI 53027",watertown-thunder-hisel-2,hartford-velocity-lecher,4,uHigh,scheduled,,
g-0348,2027-06-23,19:00,"Meister Park 337 Middleton St, Columbus, WI 53925",fort-jbs-fehrman,columbus-rake,4,uHigh,scheduled,,
g-0349,2027-06-24,17:45,"Farmington W3027 CTY B, Watertown",bd-tornados-meyers,farmington-flames-gates,4,U14,scheduled,,
g-0350,2027-06-24,19:15,"Farmington W3027 CTY B, Watertown",bd-tornados-meyers,farmington-flames-gates,4,U14,scheduled,,
g-0351,2027-06-24,17:45,"Riverfront Park, Diamond 2",deerfield-halverson,jefferson-lipshetz,4,U14,scheduled,,
g-0352,2027-06-24,19:15,"Riverfront Park, Diamond 2",deerfield-halverson,jefferson-lipshetz,4,U14,scheduled,,
g-0353,2027-06-24,17:45,"Field of Dreams 710 Lone Pine Way, Verona, WI 53593",oregon-black-hubert,verona-wildcats-brooks,4,U14,scheduled,,
g-0354,2027-06-24,19:15,"Field of Dreams 710 Lone Pine Way, Verona, WI 53593",oregon-black-hubert,verona-wildcats-brooks,4,U14,scheduled,,
g-0355,2027-06-24,17:45,"Deerfield High School Softball Field 300 Simonson Blvd, Deerfield, WI 53531",marshall-fisher,deerfield-fankhauser,4,U14,scheduled,,
g-0356,2027-06-24,19:15,"Deerfield High School Softball Field 300 Simonson Blvd, Deerfield, WI 53531",marshall-fisher,deerfield-fankhauser,4,U14,scheduled,,
g-0357,2027-06-24,17:45,"DeForest Athletic Complex - Kwik Trip 6751 River Rd, DeForest, WI 53532",siren-softball-roe,windsor-heat-inferno-prusakiewicz,4,U14,scheduled,,
g-0358,2027-06-24,19:15,"DeForest Athletic Complex - Kwik Trip 6751 River Rd, DeForest, WI 53532",siren-softball-roe,windsor-heat-inferno-prusakiewicz,4,U14,scheduled,,
g-0359,2027-06-24,17:45,"Racetrack Park, 900 Stoughton Rd, Edgerton, WI 53534",east-madison-mueller,edgerton-ducher,4,U14,scheduled,,
g-0360,2027-06-24,19:15,"Racetrack Park, 900 Stoughton Rd, Edgerton, WI 53534",east-madison-mueller,edgerton-ducher,4,U14,scheduled,,
g-0361,2027-06-24,17:45,"Brandt-Quirk Park - 800 Carriage Hill Dr, Watertown, WI 53098",fort-jbs-unate,watertown-thunder-hisel,4,U14,scheduled,,
g-0362,2027-06-24,19:15,"Brandt-Quirk Park - 800 Carriage Hill Dr, Watertown, WI 53098",fort-jbs-unate,watertown-thunder-hisel,4,U14,scheduled,,
g-0363,2027-06-24,17:45,100 S Wuthering Hills Dr Janesville Wi 53546,janesville-cougars-forrest,janesville-cyclones-forest,4,U14,scheduled,,
g-0364,2027-06-24,19:15,100 S Wuthering Hills Dr Janesville Wi 53546,janesville-cougars-forrest,janesville-cyclones-forest,4,U14,scheduled,,
g-0365,2027-06-24,17:45,"504 Declark St Beaver Dam, WI 53916",columbus-firebirds-berget,bdybs-juniors-gold-pogorelec,4,U14,scheduled,,
g-0366,2027-06-24,19:15,"504 Declark St Beaver Dam, WI 53916",columbus-firebirds-berget,bdybs-juniors-gold-pogorelec,4,U14,scheduled,,
g-0367,2027-06-28,18:00,"Ihde Field 810 Morgan St. - Clyman, WI 53016",bdybs-gold-cederna,clyman-quest,5,U10,scheduled,,
g-0368,2027-06-28,19:30,"Ihde Field 810 Morgan St. - Clyman, WI 53016",bdybs-gold-cederna,clyman-quest,5,U10,scheduled,,
g-0369,2027-06-28,18:00,"Oregon Jaycee Park, Field #2 275 N Perry Pkwy, Oregon, WI 53575",milton-wildcats-lanser,oregon-black-sweeny,5,U10,scheduled,,
g-0370,2027-06-28,19:30,"Oregon Jaycee Park, Field #2 275 N Perry Pkwy, Oregon, WI 53575",milton-wildcats-lanser,oregon-black-sweeny,5,U10,scheduled,,
g-0371,2027-06-28,18:00,"LakeView Park 1001 North St. Beaver Dam, WI 53916",columbus-firebirds-guerrero,bd-tornados-gold-schaalma,5,U10,scheduled,,
g-0372,2027-06-28,19:30,"LakeView Park 1001 North St. Beaver Dam, WI 53916",columbus-firebirds-guerrero,bd-tornados-gold-schaalma,5,U10,scheduled,,
g-0373,2027-06-28,18:00,"Converse Park 408 Best Built Pkwy Marshall, WI",marshall-altenberger,marshall-sellnow-nate-kleinschmidt,5,U10,scheduled,,
g-0374,2027-06-28,19:30,"Converse Park 408 Best Built Pkwy Marshall, WI",marshall-altenberger,marshall-sellnow-nate-kleinschmidt,5,U10,scheduled,,
g-0375,2027-06-28,18:00,"Rotary Park 191 Sandy Beach Rd, Lake Mills, WI 53551",watertown-thunder-kleine,lm-rec-blm-boettcher,5,U10,scheduled,,
g-0376,2027-06-28,19:30,"Rotary Park 191 Sandy Beach Rd, Lake Mills, WI 53551",watertown-thunder-kleine,lm-rec-blm-boettcher,5,U10,scheduled,,
g-0377,2027-06-28,18:00,"Rotary Park 191 Sandy Beach Rd, Lake Mills, WI 53551",johnson-creek-bluejays-goulet,lm-rec-blm-white,5,U10,scheduled,,
g-0378,2027-06-28,19:30,"Rotary Park 191 Sandy Beach Rd, Lake Mills, WI 53551",johnson-creek-bluejays-goulet,lm-rec-blm-white,5,U10,scheduled,,
g-0379,2027-06-28,18:00,Jefferson River Front Park,jefferson-pratt,jefferson-messman,5,U10,scheduled,,
g-0380,2027-06-28,19:30,Jefferson River Front Park,jefferson-pratt,jefferson-messman,5,U10,scheduled,,
g-0381,2027-06-28,18:00,Fort Atkinson High School 925 Lexington Blvd,deerfield-judkins,fort-jbs-starks,5,U10,scheduled,,
g-0382,2027-06-28,19:30,Fort Atkinson High School 925 Lexington Blvd,deerfield-judkins,fort-jbs-starks,5,U10,scheduled,,
g-0383,2027-06-28,18:00,"Waunakee High School Softball Fields 1001 South Street Waunakee, WI 53597",waunakee-1-sheahan,waunakee-purple-hoffman,5,U10,scheduled,,
g-0384,2027-06-28,19:30,"Waunakee High School Softball Fields 1001 South Street Waunakee, WI 53597",waunakee-1-sheahan,waunakee-purple-hoffman,5,U10,scheduled,,
g-0385,2027-06-28,18:00,"Waunakee High School Softball Fields 1001 South Street Waunakee, WI 53597",waunakee-white-schneider,waunakee-2-hoffmann,5,U10,scheduled,,
g-0386,2027-06-28,19:30,"Waunakee High School Softball Fields 1001 South Street Waunakee, WI 53597",waunakee-white-schneider,waunakee-2-hoffmann,5,U10,scheduled,,
g-0387,2027-06-28,18:00,"Waunakee High School 1001 South Street Waunakee, WI 53597",waunakee-3-o-connell,wauankee-4-koga,5,U10,scheduled,,
g-0388,2027-06-28,19:30,"Waunakee High School 1001 South Street Waunakee, WI 53597",waunakee-3-o-connell,wauankee-4-koga,5,U10,scheduled,,
g-0389,2027-06-28,18:00,"DeForest Athletic Complex - Kwik Trip Field 6751 River Rd, DeForest, WI 53532",cg-navy-waltz,windsor-heat-ignite-grundahl,5,U10,scheduled,,
g-0390,2027-06-28,19:30,"DeForest Athletic Complex - Kwik Trip Field 6751 River Rd, DeForest, WI 53532",cg-navy-waltz,windsor-heat-ignite-grundahl,5,U10,scheduled,,
g-0391,2027-06-28,18:00,"Northlawn Park 900 N Parkview St. Cottage Grove, WI 53527",east-madison-kratz,cg-white-nelson,5,U10,scheduled,,
g-0392,2027-06-28,19:30,"Northlawn Park 900 N Parkview St. Cottage Grove, WI 53527",east-madison-kratz,cg-white-nelson,5,U10,scheduled,,
g-0393,2027-06-28,18:00,"Meister Park 337 Middleton St, Columbus, WI 53925",waterloo-zimmermann,columbus-red-simerson,5,U10,scheduled,,
g-0394,2027-06-28,19:30,"Meister Park 337 Middleton St, Columbus, WI 53925",waterloo-zimmermann,columbus-red-simerson,5,U10,scheduled,,
g-0395,2027-06-28,18:00,"Cambridge High School - 403 Blue Jay Way, Cambridge",oregon-orange-hegg,cambridge-white-johnson,5,U10,scheduled,,
g-0396,2027-06-28,19:30,"Cambridge High School - 403 Blue Jay Way, Cambridge",oregon-orange-hegg,cambridge-white-johnson,5,U10,scheduled,,
g-0397,2027-06-28,18:00,"Waunakee High School Softball Fields 1001 South Street Waunakee, WI 53597",wisconsin-outlawz-travis,waunakee-riek,5,U10 USA,scheduled,,
g-0398,2027-06-28,19:30,"Waunakee High School Softball Fields 1001 South Street Waunakee, WI 53597",wisconsin-outlawz-travis,waunakee-riek,5,U10 USA,scheduled,,
g-0399,2027-06-28,18:00,"Racetrack Park, 900 Stoughton Rd, Edgerton, WI 53534",rock-river-stix-pryne,edgerton-bilhorn,5,U10 USA,scheduled,,
g-0400,2027-06-28,19:30,"Racetrack Park, 900 Stoughton Rd, Edgerton, WI 53534",rock-river-stix-pryne,edgerton-bilhorn,5,U10 USA,scheduled,,
g-0401,2027-06-29,17:45,Brandt Quirk,farmington-flames,watertown-thunder-blue-johnson,5,U12,scheduled,,
g-0402,2027-06-29,19:15,Brandt Quirk,farmington-flames,watertown-thunder-blue-johnson,5,U12,scheduled,,
g-0403,2027-06-29,17:45,"East Madison Little League; 1010 North St, Madison, WI 53704",oregon-orange-madden,east-madison-muir,5,U12,scheduled,,
g-0404,2027-06-29,19:15,"East Madison Little League; 1010 North St, Madison, WI 53704",oregon-orange-madden,east-madison-muir,5,U12,scheduled,,
g-0405,2027-06-29,17:45,"Field of Dreams 710 Lone Pine Way, Verona, WI 53593",waunakee-purple-endres,verona-hand,5,U12,scheduled,,
g-0406,2027-06-29,19:15,"Field of Dreams 710 Lone Pine Way, Verona, WI 53593",waunakee-purple-endres,verona-hand,5,U12,scheduled,,
g-0407,2027-06-29,17:45,"Converse Park 408 Best Built Pkwy Marshall, WI",milton-wildcats-popp,marshall-peterson,5,U12,scheduled,,
g-0408,2027-06-29,19:15,"Converse Park 408 Best Built Pkwy Marshall, WI",milton-wildcats-popp,marshall-peterson,5,U12,scheduled,,
g-0409,2027-06-29,17:45,"Ihde Field 810 Morgan St. Clyman, WI 53016",janesville-cyclones-klemencic,clyman-niemuth,5,U12,scheduled,,
g-0410,2027-06-29,19:15,"Ihde Field 810 Morgan St. Clyman, WI 53016",janesville-cyclones-klemencic,clyman-niemuth,5,U12,scheduled,,
g-0411,2027-06-29,17:45,"Racetrack Park, 900 Stoughton Rd, Edgerton, WI 53534",edgerton-black-ames,edgerton-red-knoeck,5,U12,scheduled,,
g-0412,2027-06-29,19:15,"Racetrack Park, 900 Stoughton Rd, Edgerton, WI 53534",edgerton-black-ames,edgerton-red-knoeck,5,U12,scheduled,,
g-0413,2027-06-29,17:45,"Field of Dreams 710 Lone Pine Way, Verona, WI 53593",verona-wildcats-borelli,verona-wildcats-beringer,5,U12,scheduled,,
g-0414,2027-06-29,19:15,"Field of Dreams 710 Lone Pine Way, Verona, WI 53593",verona-wildcats-borelli,verona-wildcats-beringer,5,U12,scheduled,,
g-0415,2027-06-29,17:45,"Rotary Park 191 Sandy Beach Rd, Lake Mills, WI 53551",fort-jbs-telfer,lm-rec-blm-tellefson,5,U12,scheduled,,
g-0416,2027-06-29,19:15,"Rotary Park 191 Sandy Beach Rd, Lake Mills, WI 53551",fort-jbs-telfer,lm-rec-blm-tellefson,5,U12,scheduled,,
g-0417,2027-06-29,17:45,Riverfront Park S. Wisconsin Dr,jefferson-gold-smith,jefferson-maroon-havill,5,U12,scheduled,,
g-0418,2027-06-29,19:15,Riverfront Park S. Wisconsin Dr,jefferson-gold-smith,jefferson-maroon-havill,5,U12,scheduled,,
g-0419,2027-06-29,17:45,Fort Atkinson High School 925 Lexington Blvd,lm-rec-blm-boettcher-2,fort-jbs-grady,5,U12,scheduled,,
g-0420,2027-06-29,19:15,Fort Atkinson High School 925 Lexington Blvd,lm-rec-blm-boettcher-2,fort-jbs-grady,5,U12,scheduled,,
g-0421,2027-06-29,17:45,"Meister Park 337 Middleton St, Columbus, WI 53925",milton-wildcats-palan,columbus-firebirds-11u-wiemer,5,U12,scheduled,,
g-0422,2027-06-29,19:15,"Meister Park 337 Middleton St, Columbus, WI 53925",milton-wildcats-palan,columbus-firebirds-11u-wiemer,5,U12,scheduled,,
g-0423,2027-06-29,17:45,"Northlawn Park 900 N Parkview St. Cottage Grove, WI 53527",cottage-grove-mordini,sp-savage-hansbro,5,U12,scheduled,,
g-0424,2027-06-29,19:15,"Northlawn Park 900 N Parkview St. Cottage Grove, WI 53527",cottage-grove-mordini,sp-savage-hansbro,5,U12,scheduled,,
g-0425,2027-06-29,17:45,"Doubledays 4586 Baxter Rd, Cottage Grove, WI 53527",deerfield-brobston,siren-softball-ashwill,5,U12,scheduled,,
g-0426,2027-06-29,19:15,"Doubledays 4586 Baxter Rd, Cottage Grove, WI 53527",deerfield-brobston,siren-softball-ashwill,5,U12,scheduled,,
g-0427,2027-06-29,17:45,"Johnson Creek High School 455 Aztalan St. Johnson Creek, WI 53039",waterloo-skalitzky,johnson-creek-bluejays-toebe,5,U12,scheduled,,
g-0428,2027-06-29,19:15,"Johnson Creek High School 455 Aztalan St. Johnson Creek, WI 53039",waterloo-skalitzky,johnson-creek-bluejays-toebe,5,U12,scheduled,,
g-0429,2027-06-29,17:45,"504 De Clark St Beaver Dam, WI 53916",columbus-firebirds-rentmeester,bdybs-gold-devitt,5,U12,scheduled,,
g-0430,2027-06-29,19:15,"504 De Clark St Beaver Dam, WI 53916",columbus-firebirds-rentmeester,bdybs-gold-devitt,5,U12,scheduled,,
g-0431,2027-06-29,17:45,"Lakeside Lutheran 231 Woodland Beach Rd Lake Mills, WI 53551",cambridge-rehr,lakeside-dremler,5,U12,scheduled,,
g-0432,2027-06-29,19:15,"Lakeside Lutheran 231 Woodland Beach Rd Lake Mills, WI 53551",cambridge-rehr,lakeside-dremler,5,U12,scheduled,,
g-0433,2027-06-30,18:00,"1001 W Burnett St Beaver Dam, WI 53916",clyman-mcfarland,bd-tornados-panetti,5,U8 Live,scheduled,,
g-0434,2027-06-30,18:00,"Doubledays 4586 Baxter Rd Cottage Grove, WI 53527",marshall-lannoy,wisconsin-outlawz-damon,5,U8 Live,scheduled,,
g-0435,2027-06-30,18:00,"Meister Park 337 Middleton St, Columbus, WI 53925",columbus-red-farrington,columbus-firebirds-volesky,5,U8 Live,scheduled,,
g-0436,2027-06-30,18:00,"Rotary Park 191 Sandy Beach Rd, Lake Mills, WI 53551",columbus-white-breitsprecker,lm-rec-blm-zimmermann,5,U8 Live,scheduled,,
g-0437,2027-06-30,18:00,Stoughton JV Park,cambridge-becker,stoughton-schroerluke,5,U8 Live,scheduled,,
g-0438,2027-06-30,18:00,"Waubesa Intermediate School Softball Complex 5605 Red Oak Trail McFarland, WI 53558",mcfarland-spartans-white-schuchardt,mcfarland-spartans-blue-mccullick,5,U8 Live,scheduled,,
g-0439,2027-06-30,18:00,"Rotary Park 191 Sandy Beach Rd. Lake Mills, WI 53551",waterloo-hennessy,lm-rec-blm-schultz,5,U8 Live,scheduled,,
g-0440,2027-06-30,17:30,"Deerfield Fireman's Park Softball Field 5, Park Dr, Deerfield, WI 53531",lake-mills-rec-hoffman-colvin-johnson,deerfield-schroedl,5,U8 Mach,scheduled,,
g-0441,2027-06-30,17:30,"Waterloo Fireman's Park 500 Park Avenue Waterloo, WI 53594",fort-jbs-scuglik,waterloo-tbd,5,U8 Mach,scheduled,,
g-0442,2027-06-30,17:30,"Johnson Creek High School, 455 Aztalan St. Johnson Creek, WI",clyman-schuett,johnson-creek-bluejays-tbd,5,U8 Mach,scheduled,,
g-0443,2027-06-30,17:30,"504 De Clark St Beaver Dam, WI 53916",jefferson-bente,bdybs-green-kahler,5,U8 Mach,scheduled,,
g-0444,2027-06-30,17:30,"Cambridge High School, 403 Blue Jay Way",marshall-munson,cambridge-klemp,5,U8 Mach,scheduled,,
g-0445,2027-06-30,17:30,"Northlawn Park 900 N Parkview St. Cottage Grove, WI 53527",stoughton-thompson,cottage-grove-ress,5,U8 Mach,scheduled,,
g-0446,2027-06-30,19:00,Riverfront Park. 729 S. Wisconsin Drive,lake-country-thunder-white-merritt,jefferson-smith,5,uHigh,scheduled,,
g-0447,2027-06-30,19:00,"Independence Park 808 S Wilson Ave, Hartford, WI 53027",columbus-rake,hartford-velocity-lecher,5,uHigh,scheduled,,
g-0448,2027-06-30,19:00,"Brandt-Quirk Park - 800 Carriage Hill Dr, Watertown, WI 53098",verona-wildcats-graber,watertown-thunder-hisel-2,5,uHigh,scheduled,,
g-0449,2027-06-30,19:00,Fort Atkinson High School 925 Lexington Blvd,waterloo-schaumann,fort-jbs-fehrman,5,uHigh,scheduled,,
g-0450,2027-07-01,17:45,"Riverfront Park, Diamond 2",fort-jbs-unate,jefferson-lipshetz,5,U14,scheduled,,
g-0451,2027-07-01,19:15,"Riverfront Park, Diamond 2",fort-jbs-unate,jefferson-lipshetz,5,U14,scheduled,,
g-0452,2027-07-01,17:45,"Oregon Jaycee Park 275 N Perry Pkwy Oregon, WI 53575",windsor-heat-inferno-prusakiewicz,oregon-black-hubert,5,U14,scheduled,,
g-0453,2027-07-01,19:15,"Oregon Jaycee Park 275 N Perry Pkwy Oregon, WI 53575",windsor-heat-inferno-prusakiewicz,oregon-black-hubert,5,U14,scheduled,,
g-0454,2027-07-01,17:45,"Racetrack Park, 900 Stoughton Rd, Edgerton, WI 53534",siren-softball-roe,edgerton-ducher,5,U14,scheduled,,
g-0455,2027-07-01,19:15,"Racetrack Park, 900 Stoughton Rd, Edgerton, WI 53534",siren-softball-roe,edgerton-ducher,5,U14,scheduled,,
g-0456,2027-07-01,17:45,"East Madison Little League 1010 North St, Madison, WI 53704",verona-wildcats-brooks,east-madison-mueller,5,U14,scheduled,,
g-0457,2027-07-01,19:15,"East Madison Little League 1010 North St, Madison, WI 53704",verona-wildcats-brooks,east-madison-mueller,5,U14,scheduled,,
g-0458,2027-07-01,17:45,"300 Simonson Blvd, Deerfield, WI 53531",deerfield-fankhauser,deerfield-halverson,5,U14,scheduled,,
g-0459,2027-07-01,19:15,"300 Simonson Blvd, Deerfield, WI 53531",deerfield-fankhauser,deerfield-halverson,5,U14,scheduled,,
g-0460,2027-07-01,17:45,"Converse Park 408 Best Built Pkwy. Marshall, WI",watertown-thunder-hisel,marshall-fisher,5,U14,scheduled,,
g-0461,2027-07-01,19:15,"Converse Park 408 Best Built Pkwy. Marshall, WI",watertown-thunder-hisel,marshall-fisher,5,U14,scheduled,,
g-0462,2027-07-01,17:45,Lakeview Park North St. Beaver Dam,janesville-cyclones-forest,bd-tornados-meyers,5,U14,scheduled,,
g-0463,2027-07-01,19:15,Lakeview Park North St. Beaver Dam,janesville-cyclones-forest,bd-tornados-meyers,5,U14,scheduled,,
g-0464,2027-07-01,17:45,"504 Declark St Beaver Dam, WI 53916",janesville-cougars-forrest,bdybs-juniors-gold-pogorelec,5,U14,scheduled,,
g-0465,2027-07-01,19:15,"504 Declark St Beaver Dam, WI 53916",janesville-cougars-forrest,bdybs-juniors-gold-pogorelec,5,U14,scheduled,,
g-0466,2027-07-01,17:45,"Meister Park 337 Middleton St, Columbus, WI 53925",farmington-flames-gates,columbus-firebirds-berget,5,U14,scheduled,,
g-0467,2027-07-01,19:15,"Meister Park 337 Middleton St, Columbus, WI 53925",farmington-flames-gates,columbus-firebirds-berget,5,U14,scheduled,,
g-0468,2027-07-05,18:00,"Waterloo Fireman's Park 500 Park Avenue Waterloo, WI 53594",clyman-quest,waterloo-zimmermann,6,U10,scheduled,,
g-0469,2027-07-05,19:30,"Waterloo Fireman's Park 500 Park Avenue Waterloo, WI 53594",clyman-quest,waterloo-zimmermann,6,U10,scheduled,,
g-0470,2027-07-05,18:00,"Oregon Jaycee Park, Field #2 275 N Perry Pkwy, Oregon, WI 53575",cambridge-blue-becker,oregon-black-sweeny,6,U10,scheduled,,
g-0471,2027-07-05,19:30,"Oregon Jaycee Park, Field #2 275 N Perry Pkwy, Oregon, WI 53575",cambridge-blue-becker,oregon-black-sweeny,6,U10,scheduled,,
g-0472,2027-07-05,18:00,"LakeView Park 1001 North St. Beaver Dam, WI 53916",bdybs-gold-cederna,bd-tornados-gold-schaalma,6,U10,scheduled,,
g-0473,2027-07-05,19:30,"LakeView Park 1001 North St. Beaver Dam, WI 53916",bdybs-gold-cederna,bd-tornados-gold-schaalma,6,U10,scheduled,,
g-0474,2027-07-05,18:00,"Northlawn Park 900 N Parkview St. Cottage Grove, WI 53527",marshall-sellnow-nate-kleinschmidt,cg-navy-waltz,6,U10,scheduled,,
g-0475,2027-07-05,19:30,"Northlawn Park 900 N Parkview St. Cottage Grove, WI 53527",marshall-sellnow-nate-kleinschmidt,cg-navy-waltz,6,U10,scheduled,,
g-0476,2027-07-05,18:00,"East Madison Little League 1010 North St, Madison, WI 53704",windsor-heat-ignite-grundahl,east-madison-kratz,6,U10,scheduled,,
g-0477,2027-07-05,19:30,"East Madison Little League 1010 North St, Madison, WI 53704",windsor-heat-ignite-grundahl,east-madison-kratz,6,U10,scheduled,,
g-0478,2027-07-05,18:00,"Rotary Park 191 Sandy Beach Rd, Lake Mills, WI 53551",jefferson-pratt,lm-rec-blm-white,6,U10,scheduled,,
g-0479,2027-07-05,19:30,"Rotary Park 191 Sandy Beach Rd, Lake Mills, WI 53551",jefferson-pratt,lm-rec-blm-white,6,U10,scheduled,,
g-0480,2027-07-05,18:00,"South Goodrich Park 700 E High Street Milton, WI 53563",fort-jbs-starks,milton-wildcats-lanser,6,U10,scheduled,,
g-0481,2027-07-05,19:30,"South Goodrich Park 700 E High Street Milton, WI 53563",fort-jbs-starks,milton-wildcats-lanser,6,U10,scheduled,,
g-0482,2027-07-05,18:00,"Waunakee High School Softball Fields 1001 South Street Waunakee, WI 53597",waunakee-purple-hoffman,waunakee-white-schneider,6,U10,scheduled,,
g-0483,2027-07-05,19:30,"Waunakee High School Softball Fields 1001 South Street Waunakee, WI 53597",waunakee-purple-hoffman,waunakee-white-schneider,6,U10,scheduled,,
g-0484,2027-07-05,18:00,Jefferson River Front Park,lm-rec-blm-boettcher,jefferson-messman,6,U10,scheduled,,
g-0485,2027-07-05,19:30,Jefferson River Front Park,lm-rec-blm-boettcher,jefferson-messman,6,U10,scheduled,,
g-0486,2027-07-05,18:00,"Waunakee High School Softball Fields 1001 South Street Waunakee, WI 53597",waunakee-3-o-connell,waunakee-2-hoffmann,6,U10,scheduled,,
g-0487,2027-07-05,19:30,"Waunakee High School Softball Fields 1001 South Street Waunakee, WI 53597",waunakee-3-o-connell,waunakee-2-hoffmann,6,U10,scheduled,,
g-0488,2027-07-05,18:00,"Waunakee High School Softball Fields 1001 South Street Waunakee, WI 53597",wauankee-4-koga,waunakee-1-sheahan,6,U10,scheduled,,
g-0489,2027-07-05,19:30,"Waunakee High School Softball Fields 1001 South Street Waunakee, WI 53597",wauankee-4-koga,waunakee-1-sheahan,6,U10,scheduled,,
g-0490,2027-07-05,18:00,"Northlawn Park 900 N Parkview St. Cottage Grove, WI 53527",marshall-altenberger,cg-white-nelson,6,U10,scheduled,,
g-0491,2027-07-05,19:30,"Northlawn Park 900 N Parkview St. Cottage Grove, WI 53527",marshall-altenberger,cg-white-nelson,6,U10,scheduled,,
g-0492,2027-07-05,18:00,"Meister Park 337 Middleton St, Columbus, WI 53925",columbus-red-simerson,columbus-firebirds-guerrero,6,U10,scheduled,,
g-0493,2027-07-05,19:30,"Meister Park 337 Middleton St, Columbus, WI 53925",columbus-red-simerson,columbus-firebirds-guerrero,6,U10,scheduled,,
g-0494,2027-07-05,18:00,"Johnson Creek High School, 455 Aztalan St, Johnson Creek, WI",watertown-thunder-kleine,johnson-creek-bluejays-goulet,6,U10,scheduled,,
g-0495,2027-07-05,19:30,"Johnson Creek High School, 455 Aztalan St, Johnson Creek, WI",watertown-thunder-kleine,johnson-creek-bluejays-goulet,6,U10,scheduled,,
g-0496,2027-07-05,18:00,"Cambridge High School - 403 Blue Jay Way, Cambridge",deerfield-judkins,cambridge-white-johnson,6,U10,scheduled,,
g-0497,2027-07-05,19:30,"Cambridge High School - 403 Blue Jay Way, Cambridge",deerfield-judkins,cambridge-white-johnson,6,U10,scheduled,,
g-0498,2027-07-05,18:00,"Waunakee High School Softball Fields 1001 South Street Waunakee, WI 53597",edgerton-bilhorn,waunakee-riek,6,U10 USA,scheduled,,
g-0499,2027-07-05,19:30,"Waunakee High School Softball Fields 1001 South Street Waunakee, WI 53597",edgerton-bilhorn,waunakee-riek,6,U10 USA,scheduled,,
g-0500,2027-07-05,18:00,"Lakeview Park 817 North Street Beaver Dam, WI 53916",rock-river-stix-pryne,bd-tornados-panetti-2,6,U10 USA,scheduled,,
g-0501,2027-07-05,19:30,"Lakeview Park 817 North Street Beaver Dam, WI 53916",rock-river-stix-pryne,bd-tornados-panetti-2,6,U10 USA,scheduled,,
g-0502,2027-07-06,17:45,"Jaycee Park 275 N. Perry Parkway Oregon, WI 53575",verona-wildcats-beringer,oregon-orange-madden,6,U12,scheduled,,
g-0503,2027-07-06,19:15,"Jaycee Park 275 N. Perry Parkway Oregon, WI 53575",verona-wildcats-beringer,oregon-orange-madden,6,U12,scheduled,,
g-0504,2027-07-06,17:45,"Converse Park 408 Best Built Pkwy Marshall, WI",milton-wildcats-palan,marshall-peterson,6,U12,scheduled,,
g-0505,2027-07-06,19:15,"Converse Park 408 Best Built Pkwy Marshall, WI",milton-wildcats-palan,marshall-peterson,6,U12,scheduled,,
g-0506,2027-07-06,17:45,"South Goodrich Park 700 E High Street Milton, WI 53563",janesville-cyclones-klemencic,milton-wildcats-popp,6,U12,scheduled,,
g-0507,2027-07-06,19:15,"South Goodrich Park 700 E High Street Milton, WI 53563",janesville-cyclones-klemencic,milton-wildcats-popp,6,U12,scheduled,,
g-0508,2027-07-06,17:45,"Racetrack Park, 900 Stoughton Rd, Edgerton, WI 53534",deerfield-brobston,edgerton-black-ames,6,U12,scheduled,,
g-0509,2027-07-06,19:15,"Racetrack Park, 900 Stoughton Rd, Edgerton, WI 53534",deerfield-brobston,edgerton-black-ames,6,U12,scheduled,,
g-0510,2027-07-06,17:45,"Field of Dreams 710 Lone Pine Way, Verona, WI 53593",waunakee-purple-endres,verona-wildcats-borelli,6,U12,scheduled,,
g-0511,2027-07-06,19:15,"Field of Dreams 710 Lone Pine Way, Verona, WI 53593",waunakee-purple-endres,verona-wildcats-borelli,6,U12,scheduled,,
g-0512,2027-07-06,17:45,"Doubledays 4586 Baxter Rd, Cottage Grove, WI 53527",sp-savage-hansbro,siren-softball-ashwill,6,U12,scheduled,,
g-0513,2027-07-06,19:15,"Doubledays 4586 Baxter Rd, Cottage Grove, WI 53527",sp-savage-hansbro,siren-softball-ashwill,6,U12,scheduled,,
g-0514,2027-07-06,17:45,"Rotary Park 191 Sandy Beach Rd, Lake Mills, WI 53551",lm-rec-blm-tellefson,lm-rec-blm-boettcher-2,6,U12,scheduled,,
g-0515,2027-07-06,19:15,"Rotary Park 191 Sandy Beach Rd, Lake Mills, WI 53551",lm-rec-blm-tellefson,lm-rec-blm-boettcher-2,6,U12,scheduled,,
g-0516,2027-07-06,17:45,"Riverfront Park 588-729 Wisconsin Drive, Jefferson",waterloo-skalitzky,jefferson-gold-smith,6,U12,scheduled,,
g-0517,2027-07-06,19:15,"Riverfront Park 588-729 Wisconsin Drive, Jefferson",waterloo-skalitzky,jefferson-gold-smith,6,U12,scheduled,,
g-0518,2027-07-06,17:45,Fort Atkinson High School 925 Lexington Blvd,lakeside-dremler,fort-jbs-telfer,6,U12,scheduled,,
g-0519,2027-07-06,19:15,Fort Atkinson High School 925 Lexington Blvd,lakeside-dremler,fort-jbs-telfer,6,U12,scheduled,,
g-0520,2027-07-06,17:45,"Meister Park 337 Middleton St, Columbus, WI 53925",columbus-firebirds-11u-wiemer,columbus-firebirds-rentmeester,6,U12,scheduled,,
g-0521,2027-07-06,19:15,"Meister Park 337 Middleton St, Columbus, WI 53925",columbus-firebirds-11u-wiemer,columbus-firebirds-rentmeester,6,U12,scheduled,,
g-0522,2027-07-06,17:45,"Northlawn Park 900 N Parkview St. Cottage Grove, WI 53527",edgerton-red-knoeck,cottage-grove-mordini,6,U12,scheduled,,
g-0523,2027-07-06,19:15,"Northlawn Park 900 N Parkview St. Cottage Grove, WI 53527",edgerton-red-knoeck,cottage-grove-mordini,6,U12,scheduled,,
g-0524,2027-07-06,17:45,"Johnson Creek High School 455 Aztalan St. Johnson Creek, WI 53039",watertown-thunder-blue-johnson,johnson-creek-bluejays-toebe,6,U12,scheduled,,
g-0525,2027-07-06,19:15,"Johnson Creek High School 455 Aztalan St. Johnson Creek, WI 53039",watertown-thunder-blue-johnson,johnson-creek-bluejays-toebe,6,U12,scheduled,,
g-0526,2027-07-06,17:45,"Field of Dreams 710 Lone Pine Way, Verona, WI 53593",east-madison-muir,verona-hand,6,U12,scheduled,,
g-0527,2027-07-06,19:15,"Field of Dreams 710 Lone Pine Way, Verona, WI 53593",east-madison-muir,verona-hand,6,U12,scheduled,,
g-0528,2027-07-06,17:45,"504 De Clark St Beaver Dam, WI 53916",clyman-niemuth,bdybs-gold-devitt,6,U12,scheduled,,
g-0529,2027-07-06,19:15,"504 De Clark St Beaver Dam, WI 53916",clyman-niemuth,bdybs-gold-devitt,6,U12,scheduled,,
g-0530,2027-07-06,17:45,"Cambridge High School, 403 Blue Jay Way",fort-jbs-grady,cambridge-rehr,6,U12,scheduled,,
g-0531,2027-07-06,19:15,"Cambridge High School, 403 Blue Jay Way",fort-jbs-grady,cambridge-rehr,6,U12,scheduled,,
g-0532,2027-07-06,17:45,Farmington Fields,jefferson-maroon-havill,farmington-flames,6,U12,scheduled,,
g-0533,2027-07-06,19:15,Farmington Fields,jefferson-maroon-havill,farmington-flames,6,U12,scheduled,,
g-0534,2027-07-07,18:00,"Doubledays 4586 Baxter Rd Cottage Grove, WI 53527",stoughton-schroerluke,wisconsin-outlawz-damon,6,U8 Live,scheduled,,
g-0535,2027-07-07,18:00,504 De Clark St Beaver Dam. WI 53916,jc-yellow-jackets-tonies,bdybs-rookies-gold-caves,6,U8 Live,scheduled,,
g-0536,2027-07-07,18:00,"Concord Field W1185 Concord Center Dr, Sullivan, WI 53178",bd-tornados-panetti,johnson-creek-yellow-jackets-fredrick,6,U8 Live,scheduled,,
g-0537,2027-07-07,18:00,"Rotary Park 191 Sandy Beach Rd, Lake Mills, WI 53551",columbus-firebirds-volesky,lm-rec-blm-zimmermann,6,U8 Live,scheduled,,
g-0538,2027-07-07,18:00,"Meister Park 337 Middleton St, Columbus, WI 53925",lm-rec-blm-schultz,columbus-red-farrington,6,U8 Live,scheduled,,
g-0539,2027-07-07,18:00,"Waubesa Intermediate School Softball Complex 5605 Red Oak Trail McFarland, WI 53558",marshall-lannoy,mcfarland-spartans-white-schuchardt,6,U8 Live,scheduled,,
g-0540,2027-07-07,18:00,"Waterloo Fireman's Park 500 Park Avenue Waterloo, WI 53594",columbus-white-breitsprecker,waterloo-hennessy,6,U8 Live,scheduled,,
g-0541,2027-07-07,18:00,"Cambridge High School, 403 Blue Jay Way",mcfarland-spartans-blue-mccullick,cambridge-becker,6,U8 Live,scheduled,,
g-0542,2027-07-07,17:30,"Converse Park 408 Best Built Pkwy Marshall, WI",cottage-grove-ress,marshall-munson,6,U8 Mach,scheduled,,
g-0543,2027-07-07,17:30,"Deerfield Fireman's Park Softball Field 5, Park Dr, Deerfield, WI 53531",cambridge-klemp,deerfield-schroedl,6,U8 Mach,scheduled,,
g-0544,2027-07-07,17:30,Fort Atkinson High School 925 Lexington Blvd,johnson-creek-bluejays-tbd,fort-jbs-scuglik,6,U8 Mach,scheduled,,
g-0545,2027-07-07,17:30,"Waterloo Fireman's Park 500 Park Avenue Waterloo, WI 53594",jefferson-bente,waterloo-tbd,6,U8 Mach,scheduled,,
g-0546,2027-07-07,17:30,"504 Declark St Beaver Dam, WI 53916",bdybs-green-kahler,bdybs-gold-monheim,6,U8 Mach,scheduled,,
g-0547,2027-07-07,17:30,"Racetrack Park Racetrack Road Stoughton, WI 53589",lake-mills-rec-hoffman-colvin-johnson,stoughton-thompson,6,U8 Mach,scheduled,,
g-0548,2027-07-07,19:00,"Field of Dreams 710 Lone Pine Way, Verona, WI 53593",jefferson-smith,verona-wildcats-graber,6,uHigh,scheduled,,
g-0549,2027-07-07,19:00,"Waterloo Fireman's Park 500 Park Avenue Waterloo, WI 53594",hartford-velocity-lecher,waterloo-schaumann,6,uHigh,scheduled,,
g-0550,2027-07-07,19:00,Fort Atkinson High School 925 Lexington Blvd,lake-country-thunder-white-merritt,fort-jbs-fehrman,6,uHigh,scheduled,,
g-0551,2027-07-07,19:00,"Brandt-Quirk Park - 800 Carriage Hill Dr, Watertown, WI 53098",columbus-rake,watertown-thunder-hisel-2,6,uHigh,scheduled,,
g-0552,2027-07-08,17:45,Lakeview Park North St. Beaver Dam,bdybs-juniors-gold-pogorelec,bd-tornados-meyers,6,U14,scheduled,,
g-0553,2027-07-08,19:15,Lakeview Park North St. Beaver Dam,bdybs-juniors-gold-pogorelec,bd-tornados-meyers,6,U14,scheduled,,
g-0554,2027-07-08,17:45,"Oregon Jaycee Park 275 N Perry Pkwy Oregon, WI 53575",edgerton-ducher,oregon-black-hubert,6,U14,scheduled,,
g-0555,2027-07-08,19:15,"Oregon Jaycee Park 275 N Perry Pkwy Oregon, WI 53575",edgerton-ducher,oregon-black-hubert,6,U14,scheduled,,
g-0556,2027-07-08,17:45,"Converse Park 408 Best Built Pkwy. Marshall, WI",jefferson-lipshetz,marshall-fisher,6,U14,scheduled,,
g-0557,2027-07-08,19:15,"Converse Park 408 Best Built Pkwy. Marshall, WI",jefferson-lipshetz,marshall-fisher,6,U14,scheduled,,
g-0558,2027-07-08,17:45,"100 S Wuthering Hills Dr Janesville, WI 53546",columbus-firebirds-berget,janesville-cougars-forrest,6,U14,scheduled,,
g-0559,2027-07-08,19:15,"100 S Wuthering Hills Dr Janesville, WI 53546",columbus-firebirds-berget,janesville-cougars-forrest,6,U14,scheduled,,
g-0560,2027-07-08,17:45,"Field of Dreams 710 Lone Pine Way, Verona, WI 53593",windsor-heat-inferno-prusakiewicz,verona-wildcats-brooks,6,U14,scheduled,,
g-0561,2027-07-08,19:15,"Field of Dreams 710 Lone Pine Way, Verona, WI 53593",windsor-heat-inferno-prusakiewicz,verona-wildcats-brooks,6,U14,scheduled,,
g-0562,2027-07-08,17:45,"Doubledays 4568 Baxter Rd Cottage Grove, WI 53527",east-madison-mueller,siren-softball-roe,6,U14,scheduled,,
g-0563,2027-07-08,19:15,"Doubledays 4568 Baxter Rd Cottage Grove, WI 53527",east-madison-mueller,siren-softball-roe,6,U14,scheduled,,
g-0564,2027-07-08,17:45,Fort Atkinson High School 925 Lexington Blvd,deerfield-halverson,fort-jbs-unate,6,U14,scheduled,,
g-0565,2027-07-08,19:15,Fort Atkinson High School 925 Lexington Blvd,deerfield-halverson,fort-jbs-unate,6,U14,scheduled,,
g-0566,2027-07-08,17:45,"Deerfield High School Softball Field 300 Simonson Blvd, Deerfield, WI 53531",watertown-thunder-hisel,deerfield-fankhauser,6,U14,scheduled,,
g-0567,2027-07-08,19:15,"Deerfield High School Softball Field 300 Simonson Blvd, Deerfield, WI 53531",watertown-thunder-hisel,deerfield-fankhauser,6,U14,scheduled,,
g-0568,2027-07-08,17:45,"Farmington W3027 CTY B, Watertown",janesville-cyclones-forest,farmington-flames-gates,6,U14,scheduled,,
g-0569,2027-07-08,19:15,"Farmington W3027 CTY B, Watertown",janesville-cyclones-forest,farmington-flames-gates,6,U14,scheduled,,
g-0570,2027-07-12,18:00,"Jaycee Park 275 N Perry Parkway Oregon, WI 53575",oregon-black-sweeny,oregon-orange-hegg,7,U10,scheduled,,
g-0571,2027-07-12,19:30,"Jaycee Park 275 N Perry Parkway Oregon, WI 53575",oregon-black-sweeny,oregon-orange-hegg,7,U10,scheduled,,
g-0572,2027-07-12,18:00,"Converse Park 408 Beat Built Pkwy Marshall, WI",east-madison-kratz,marshall-altenberger,7,U10,scheduled,,
g-0573,2027-07-12,19:30,"Converse Park 408 Beat Built Pkwy Marshall, WI",east-madison-kratz,marshall-altenberger,7,U10,scheduled,,
g-0574,2027-07-12,18:00,"DeForest Athletic Complex - Kwik Trip Field 6751 River Rd, DeForest, WI 53532",marshall-sellnow-nate-kleinschmidt,windsor-heat-ignite-grundahl,7,U10,scheduled,,
g-0575,2027-07-12,19:30,"DeForest Athletic Complex - Kwik Trip Field 6751 River Rd, DeForest, WI 53532",marshall-sellnow-nate-kleinschmidt,windsor-heat-ignite-grundahl,7,U10,scheduled,,
g-0576,2027-07-12,18:00,"Rotary Park 191 Sandy Beach Rd, Lake Mills, WI 53551",lm-rec-blm-white,lm-rec-blm-boettcher,7,U10,scheduled,,
g-0577,2027-07-12,19:30,"Rotary Park 191 Sandy Beach Rd, Lake Mills, WI 53551",lm-rec-blm-white,lm-rec-blm-boettcher,7,U10,scheduled,,
g-0578,2027-07-12,18:00,Jefferson River Front Park,johnson-creek-bluejays-goulet,jefferson-pratt,7,U10,scheduled,,
g-0579,2027-07-12,19:30,Jefferson River Front Park,johnson-creek-bluejays-goulet,jefferson-pratt,7,U10,scheduled,,
g-0580,2027-07-12,18:00,"Waunakee High School Softball Fields 1001 South Street Waunakee, WI 53597",wauankee-4-koga,waunakee-purple-hoffman,7,U10,scheduled,,
g-0581,2027-07-12,19:30,"Waunakee High School Softball Fields 1001 South Street Waunakee, WI 53597",wauankee-4-koga,waunakee-purple-hoffman,7,U10,scheduled,,
g-0582,2027-07-12,18:00,"Waunakee High School Softball Fields 1001 South Street Waunakee, WI 53597",waunakee-2-hoffmann,waunakee-1-sheahan,7,U10,scheduled,,
g-0583,2027-07-12,19:30,"Waunakee High School Softball Fields 1001 South Street Waunakee, WI 53597",waunakee-2-hoffmann,waunakee-1-sheahan,7,U10,scheduled,,
g-0584,2027-07-12,18:00,"Waunakee High School Softball Fields 1001 South Street Waunakee, WI 53597",waunakee-white-schneider,waunakee-3-o-connell,7,U10,scheduled,,
g-0585,2027-07-12,19:30,"Waunakee High School Softball Fields 1001 South Street Waunakee, WI 53597",waunakee-white-schneider,waunakee-3-o-connell,7,U10,scheduled,,
g-0586,2027-07-12,18:00,"Northlawn Park 900 N Parkview St. Cottage Grove, WI 53527",cg-white-nelson,cg-navy-waltz,7,U10,scheduled,,
g-0587,2027-07-12,19:30,"Northlawn Park 900 N Parkview St. Cottage Grove, WI 53527",cg-white-nelson,cg-navy-waltz,7,U10,scheduled,,
g-0588,2027-07-12,18:00,"Meister Park 337 Middleton St, Columbus, WI 53925",clyman-quest,columbus-red-simerson,7,U10,scheduled,,
g-0589,2027-07-12,19:30,"Meister Park 337 Middleton St, Columbus, WI 53925",clyman-quest,columbus-red-simerson,7,U10,scheduled,,
g-0590,2027-07-12,18:00,"Brandt-Quirk Park, 800 Carriage Hill Dr, Watertown, WI 53098",jefferson-messman,watertown-thunder-kleine,7,U10,scheduled,,
g-0591,2027-07-12,19:30,"Brandt-Quirk Park, 800 Carriage Hill Dr, Watertown, WI 53098",jefferson-messman,watertown-thunder-kleine,7,U10,scheduled,,
g-0592,2027-07-12,18:00,"Waterloo Fireman's Park 500 Park Avenue Waterloo, WI 53594",bd-tornados-gold-schaalma,waterloo-zimmermann,7,U10,scheduled,,
g-0593,2027-07-12,19:30,"Waterloo Fireman's Park 500 Park Avenue Waterloo, WI 53594",bd-tornados-gold-schaalma,waterloo-zimmermann,7,U10,scheduled,,
g-0594,2027-07-12,18:00,"South Goodrich Park 700 E High Street Milton, WI 53563",cambridge-blue-becker,milton-wildcats-lanser,7,U10,scheduled,,
g-0595,2027-07-12,19:30,"South Goodrich Park 700 E High Street Milton, WI 53563",cambridge-blue-becker,milton-wildcats-lanser,7,U10,scheduled,,
g-0596,2027-07-12,18:00,504 De Clark St Beaver Dam. WI 53916,columbus-firebirds-guerrero,bdybs-gold-cederna,7,U10,scheduled,,
g-0597,2027-07-12,19:30,504 De Clark St Beaver Dam. WI 53916,columbus-firebirds-guerrero,bdybs-gold-cederna,7,U10,scheduled,,
g-0598,2027-07-12,18:00,Fort Atkinson High School 925 Lexington Blvd,cambridge-white-johnson,fort-jbs-starks,7,U10,scheduled,,
g-0599,2027-07-12,19:30,Fort Atkinson High School 925 Lexington Blvd,cambridge-white-johnson,fort-jbs-starks,7,U10,scheduled,,
g-0600,2027-07-12,18:00,Cambridge High School or Deefield Community Parks,rock-river-stix-pryne,wisconsin-outlawz-travis,7,U10 USA,scheduled,,
g-0601,2027-07-12,19:30,Cambridge High School or Deefield Community Parks,rock-river-stix-pryne,wisconsin-outlawz-travis,7,U10 USA,scheduled,,
g-0602,2027-07-12,18:00,"Lakeview Park 817 North Street Beaver Dam, WI 53916",edgerton-bilhorn,bd-tornados-panetti-2,7,U10 USA,scheduled,,
g-0603,2027-07-12,19:30,"Lakeview Park 817 North Street Beaver Dam, WI 53916",edgerton-bilhorn,bd-tornados-panetti-2,7,U10 USA,scheduled,,
g-0604,2027-07-13,17:45,"Jaycee Park 275 N. Perry Parkway Oregon, WI 53575",verona-wildcats-borelli,oregon-orange-madden,7,U12,scheduled,,
g-0605,2027-07-13,19:15,"Jaycee Park 275 N. Perry Parkway Oregon, WI 53575",verona-wildcats-borelli,oregon-orange-madden,7,U12,scheduled,,
g-0606,2027-07-13,17:45,Waunakee HIgh School softball fields Simon Crestway Waunakee WI,east-madison-muir,waunakee-purple-endres,7,U12,scheduled,,
g-0607,2027-07-13,19:15,Waunakee HIgh School softball fields Simon Crestway Waunakee WI,east-madison-muir,waunakee-purple-endres,7,U12,scheduled,,
g-0608,2027-07-13,17:45,"South Goodrich Park 700 E High Street Milton, WI 53563",milton-wildcats-popp,milton-wildcats-palan,7,U12,scheduled,,
g-0609,2027-07-13,19:15,"South Goodrich Park 700 E High Street Milton, WI 53563",milton-wildcats-popp,milton-wildcats-palan,7,U12,scheduled,,
g-0610,2027-07-13,17:45,"Converse Park 408 Best Built Pkwy Marshall, WI",columbus-firebirds-rentmeester,marshall-peterson,7,U12,scheduled,,
g-0611,2027-07-13,19:15,"Converse Park 408 Best Built Pkwy Marshall, WI",columbus-firebirds-rentmeester,marshall-peterson,7,U12,scheduled,,
g-0612,2027-07-13,17:45,"Racetrack Park, 900 Stoughton Rd, Edgerton, WI 53534",siren-softball-ashwill,edgerton-red-knoeck,7,U12,scheduled,,
g-0613,2027-07-13,19:15,"Racetrack Park, 900 Stoughton Rd, Edgerton, WI 53534",siren-softball-ashwill,edgerton-red-knoeck,7,U12,scheduled,,
g-0614,2027-07-13,17:45,"Lakeside Lutheran 231 Woodland Beach Rd Lake Mills, WI 53551",lm-rec-blm-boettcher-2,lakeside-dremler,7,U12,scheduled,,
g-0615,2027-07-13,19:15,"Lakeside Lutheran 231 Woodland Beach Rd Lake Mills, WI 53551",lm-rec-blm-boettcher-2,lakeside-dremler,7,U12,scheduled,,
g-0616,2027-07-13,17:45,Fort Atkinson High School 925 Lexington Blvd,cambridge-rehr,fort-jbs-telfer,7,U12,scheduled,,
g-0617,2027-07-13,19:15,Fort Atkinson High School 925 Lexington Blvd,cambridge-rehr,fort-jbs-telfer,7,U12,scheduled,,
g-0618,2027-07-13,17:45,"Rotary Park 191 Sandy Beach Rd, Lake Mills, WI 53551",fort-jbs-grady,lm-rec-blm-tellefson,7,U12,scheduled,,
g-0619,2027-07-13,19:15,"Rotary Park 191 Sandy Beach Rd, Lake Mills, WI 53551",fort-jbs-grady,lm-rec-blm-tellefson,7,U12,scheduled,,
g-0620,2027-07-13,17:45,"Meister Park 337 Middleton St, Columbus, WI 53925",clyman-niemuth,columbus-firebirds-11u-wiemer,7,U12,scheduled,,
g-0621,2027-07-13,19:15,"Meister Park 337 Middleton St, Columbus, WI 53925",clyman-niemuth,columbus-firebirds-11u-wiemer,7,U12,scheduled,,
g-0622,2027-07-13,17:45,"Deerfield High School Softball Field 300 Simonson Blvd, Deerfield, WI 53531",sp-savage-hansbro,deerfield-brobston,7,U12,scheduled,,
g-0623,2027-07-13,19:15,"Deerfield High School Softball Field 300 Simonson Blvd, Deerfield, WI 53531",sp-savage-hansbro,deerfield-brobston,7,U12,scheduled,,
g-0624,2027-07-13,17:45,"Northlawn Park 900 N Parkview St. Cottage Grove, WI 53527",edgerton-black-ames,cottage-grove-mordini,7,U12,scheduled,,
g-0625,2027-07-13,19:15,"Northlawn Park 900 N Parkview St. Cottage Grove, WI 53527",edgerton-black-ames,cottage-grove-mordini,7,U12,scheduled,,
g-0626,2027-07-13,17:45,Riverfront Park S. Wisconsin Dr,johnson-creek-bluejays-toebe,jefferson-maroon-havill,7,U12,scheduled,,
g-0627,2027-07-13,19:15,Riverfront Park S. Wisconsin Dr,johnson-creek-bluejays-toebe,jefferson-maroon-havill,7,U12,scheduled,,
g-0628,2027-07-13,17:45,"Field of Dreams 710 Lone Pine Way, Verona, WI 53593",verona-hand,verona-wildcats-beringer,7,U12,scheduled,,
g-0629,2027-07-13,19:15,"Field of Dreams 710 Lone Pine Way, Verona, WI 53593",verona-hand,verona-wildcats-beringer,7,U12,scheduled,,
g-0630,2027-07-13,17:45,"Waterloo Fireman's Park 500 Park Avenue Waterloo, WI 53594",watertown-thunder-blue-johnson,waterloo-skalitzky,7,U12,scheduled,,
g-0631,2027-07-13,19:15,"Waterloo Fireman's Park 500 Park Avenue Waterloo, WI 53594",watertown-thunder-blue-johnson,waterloo-skalitzky,7,U12,scheduled,,
g-0632,2027-07-13,17:45,"100 S Wuthering Hills Dr Janesville, WI 53546",bdybs-gold-devitt,janesville-cyclones-klemencic,7,U12,scheduled,,
g-0633,2027-07-13,19:15,"100 S Wuthering Hills Dr Janesville, WI 53546",bdybs-gold-devitt,janesville-cyclones-klemencic,7,U12,scheduled,,
g-0634,2027-07-13,17:45,Farmington Fields,jefferson-gold-smith,farmington-flames,7,U12,scheduled,,
g-0635,2027-07-13,19:15,Farmington Fields,jefferson-gold-smith,farmington-flames,7,U12,scheduled,,
g-0636,2027-07-14,18:00,"Waubesa Intermediate School Softball Complex 5605 Red Oak Trail McFarland, WI 53558",wisconsin-outlawz-damon,mcfarland-spartans-blue-mccullick,7,U8 Live,scheduled,,
g-0637,2027-07-14,18:00,"1001 W Burnett St Beaver Dam, WI 53916",bdybs-rookies-gold-caves,bd-tornados-panetti,7,U8 Live,scheduled,,
g-0638,2027-07-14,18:00,"Converse Park 408 Best Built Pkwy Marshall, WI",stoughton-schroerluke,marshall-lannoy,7,U8 Live,scheduled,,
g-0639,2027-07-14,18:00,"Rotary Park 191 Sandy Beach Rd. Lake Mills, WI 53551",lm-rec-blm-zimmermann,lm-rec-blm-schultz,7,U8 Live,scheduled,,
g-0640,2027-07-14,18:00,"Meister Park 337 Middleton St, Columbus, WI 53925",waterloo-hennessy,columbus-red-farrington,7,U8 Live,scheduled,,
g-0641,2027-07-14,18:00,"Meister Park 337 Middleton St, Columbus, WI 53925",columbus-firebirds-volesky,columbus-white-breitsprecker,7,U8 Live,scheduled,,
g-0642,2027-07-14,18:00,"Concord Field W1185 Concord Center Dr, Sullivan, WI 53178",clyman-mcfarland,johnson-creek-yellow-jackets-fredrick,7,U8 Live,scheduled,,
g-0643,2027-07-14,18:00,"Cambridge High School, 403 Blue Jay Way",mcfarland-spartans-white-schuchardt,cambridge-becker,7,U8 Live,scheduled,,
g-0644,2027-07-14,17:30,"Stueber Field 810 Morgan St. - Clyman, WI 53016",bdybs-green-kahler,clyman-schuett,7,U8 Mach,scheduled,,
g-0645,2027-07-14,17:30,"Converse Park 408 Best Built Pkwy Marshall, WI",stoughton-thompson,marshall-munson,7,U8 Mach,scheduled,,
g-0646,2027-07-14,17:30,"Rotary Park 191 Sandy Beach Rd, Lake Mills, WI 53551",cambridge-klemp,lake-mills-rec-hoffman-colvin-johnson,7,U8 Mach,scheduled,,
g-0647,2027-07-14,17:30,Riverfront Park 589-729 S Wisconsin Dr Jefferson 53549,fort-jbs-scuglik,jefferson-bente,7,U8 Mach,scheduled,,
g-0648,2027-07-14,17:30,"Northlawn Park 900 N Parkview St. Cottage Grove, WI 53527",deerfield-schroedl,cottage-grove-ress,7,U8 Mach,scheduled,,
g-0649,2027-07-14,17:30,"504 Declark St Beaver Dam, WI 53916",waterloo-tbd,bdybs-gold-monheim,7,U8 Mach,scheduled,,
g-0650,2027-07-14,19:00,"Independence Park 808 S Wilson Ave, Hartford, WI 53027",lake-country-thunder-white-merritt,hartford-velocity-lecher,7,uHigh,scheduled,,
g-0651,2027-07-14,19:00,"Meister Park 337 Middleton St, Columbus, WI 53925",verona-wildcats-graber,columbus-rake,7,uHigh,scheduled,,
g-0652,2027-07-14,19:00,Riverfront Park. 729 S. Wisconsin Drive,fort-jbs-fehrman,jefferson-smith,7,uHigh,scheduled,,
g-0653,2027-07-14,19:00,"Brandt-Quirk Park - 800 Carriage Hill Dr, Watertown, WI 53098",waterloo-schaumann,watertown-thunder-hisel-2,7,uHigh,scheduled,,
g-0654,2027-07-15,17:45,"Meister Park 337 Middleton St, Columbus, WI 53925",bd-tornados-meyers,columbus-firebirds-berget,7,U14,scheduled,,
g-0655,2027-07-15,19:15,"Meister Park 337 Middleton St, Columbus, WI 53925",bd-tornados-meyers,columbus-firebirds-berget,7,U14,scheduled,,
g-0656,2027-07-15,17:45,"East Madison Little League 1010 North St, Madison, WI 53704",oregon-black-hubert,east-madison-mueller,7,U14,scheduled,,
g-0657,2027-07-15,19:15,"East Madison Little League 1010 North St, Madison, WI 53704",oregon-black-hubert,east-madison-mueller,7,U14,scheduled,,
g-0658,2027-07-15,17:45,"300 Simonson Blvd, Deerfield, WI 53531",marshall-fisher,deerfield-halverson,7,U14,scheduled,,
g-0659,2027-07-15,19:15,"300 Simonson Blvd, Deerfield, WI 53531",marshall-fisher,deerfield-halverson,7,U14,scheduled,,
g-0660,2027-07-15,17:45,"DeForest Athletic Complex - Kwik Trip 6751 River Rd, DeForest, WI 53532",edgerton-ducher,windsor-heat-inferno-prusakiewicz,7,U14,scheduled,,
g-0661,2027-07-15,19:15,"DeForest Athletic Complex - Kwik Trip 6751 River Rd, DeForest, WI 53532",edgerton-ducher,windsor-heat-inferno-prusakiewicz,7,U14,scheduled,,
g-0662,2027-07-15,17:45,"100 S Wuthering Hills Dr Janesville, WI 53546",farmington-flames-gates,janesville-cougars-forrest,7,U14,scheduled,,
g-0663,2027-07-15,19:15,"100 S Wuthering Hills Dr Janesville, WI 53546",farmington-flames-gates,janesville-cougars-forrest,7,U14,scheduled,,
g-0664,2027-07-15,17:45,"Doubledays 4568 Baxter Rd Cottage Grove, WI 53527",verona-wildcats-brooks,siren-softball-roe,7,U14,scheduled,,
g-0665,2027-07-15,19:15,"Doubledays 4568 Baxter Rd Cottage Grove, WI 53527",verona-wildcats-brooks,siren-softball-roe,7,U14,scheduled,,
g-0666,2027-07-15,17:45,Fort Atkinson High School 925 Lexington Blvd,deerfield-fankhauser,fort-jbs-unate,7,U14,scheduled,,
g-0667,2027-07-15,19:15,Fort Atkinson High School 925 Lexington Blvd,deerfield-fankhauser,fort-jbs-unate,7,U14,scheduled,,
g-0668,2027-07-15,17:45,"Brandt-Quirk Park - 800 Carriage Hill Dr, Watertown, WI 53098",jefferson-lipshetz,watertown-thunder-hisel,7,U14,scheduled,,
g-0669,2027-07-15,19:15,"Brandt-Quirk Park - 800 Carriage Hill Dr, Watertown, WI 53098",jefferson-lipshetz,watertown-thunder-hisel,7,U14,scheduled,,
g-0670,2027-07-15,17:45,100 S Wuthering Hills Dr Janesville Wi 53546,bdybs-juniors-gold-pogorelec,janesville-cyclones-forest,7,U14,scheduled,,
g-0671,2027-07-15,19:15,100 S Wuthering Hills Dr Janesville Wi 53546,bdybs-juniors-gold-pogorelec,janesville-cyclones-forest,7,U14,scheduled,,
g-0672,2027-07-19,18:00,"Ihde Field 810 Morgan St. - Clyman, WI 53016",bd-tornados-gold-schaalma,clyman-quest,8,U10,scheduled,,
g-0673,2027-07-19,19:30,"Ihde Field 810 Morgan St. - Clyman, WI 53016",bd-tornados-gold-schaalma,clyman-quest,8,U10,scheduled,,
g-0674,2027-07-19,18:00,"Jaycee Park 275 N Perry Parkway Oregon, WI 53575",milton-wildcats-lanser,oregon-orange-hegg,8,U10,scheduled,,
g-0675,2027-07-19,19:30,"Jaycee Park 275 N Perry Parkway Oregon, WI 53575",milton-wildcats-lanser,oregon-orange-hegg,8,U10,scheduled,,
g-0676,2027-07-19,18:00,"Converse Park 408 Beat Built Pkwy Marshall, WI",windsor-heat-ignite-grundahl,marshall-altenberger,8,U10,scheduled,,
g-0677,2027-07-19,19:30,"Converse Park 408 Beat Built Pkwy Marshall, WI",windsor-heat-ignite-grundahl,marshall-altenberger,8,U10,scheduled,,
g-0678,2027-07-19,18:00,"Converse Park 408 Best Built Pkwy Marshall, WI",cg-white-nelson,marshall-sellnow-nate-kleinschmidt,8,U10,scheduled,,
g-0679,2027-07-19,19:30,"Converse Park 408 Best Built Pkwy Marshall, WI",cg-white-nelson,marshall-sellnow-nate-kleinschmidt,8,U10,scheduled,,
g-0680,2027-07-19,18:00,"Johnson Creek High School, 455 Aztalan St, Johnson Creek, WI",lm-rec-blm-boettcher,johnson-creek-bluejays-goulet,8,U10,scheduled,,
g-0681,2027-07-19,19:30,"Johnson Creek High School, 455 Aztalan St, Johnson Creek, WI",lm-rec-blm-boettcher,johnson-creek-bluejays-goulet,8,U10,scheduled,,
g-0682,2027-07-19,18:00,Jefferson River Front Park,watertown-thunder-kleine,jefferson-pratt,8,U10,scheduled,,
g-0683,2027-07-19,19:30,Jefferson River Front Park,watertown-thunder-kleine,jefferson-pratt,8,U10,scheduled,,
g-0684,2027-07-19,18:00,"Cambridge High School, 403 Blue Jay Way",fort-jbs-starks,cambridge-blue-becker,8,U10,scheduled,,
g-0685,2027-07-19,19:30,"Cambridge High School, 403 Blue Jay Way",fort-jbs-starks,cambridge-blue-becker,8,U10,scheduled,,
g-0686,2027-07-19,18:00,"Rotary Park 191 Sandy Beach Rd, Lake Mills, WI 53551",jefferson-messman,lm-rec-blm-white,8,U10,scheduled,,
g-0687,2027-07-19,19:30,"Rotary Park 191 Sandy Beach Rd, Lake Mills, WI 53551",jefferson-messman,lm-rec-blm-white,8,U10,scheduled,,
g-0688,2027-07-19,18:00,"Deerfield Community Park North Field 310 S Industrial Park Rd, Deerfield, WI 53531",oregon-black-sweeny,deerfield-judkins,8,U10,scheduled,,
g-0689,2027-07-19,19:30,"Deerfield Community Park North Field 310 S Industrial Park Rd, Deerfield, WI 53531",oregon-black-sweeny,deerfield-judkins,8,U10,scheduled,,
g-0690,2027-07-19,18:00,"Waunakee High School Softball Fields 1001 South Street Waunakee, WI 53597",waunakee-1-sheahan,waunakee-white-schneider,8,U10,scheduled,,
g-0691,2027-07-19,19:30,"Waunakee High School Softball Fields 1001 South Street Waunakee, WI 53597",waunakee-1-sheahan,waunakee-white-schneider,8,U10,scheduled,,
g-0692,2027-07-19,18:00,"Waunakee High School Softball Fields 1001 South Street Waunakee, WI 53597",waunakee-purple-hoffman,waunakee-3-o-connell,8,U10,scheduled,,
g-0693,2027-07-19,19:30,"Waunakee High School Softball Fields 1001 South Street Waunakee, WI 53597",waunakee-purple-hoffman,waunakee-3-o-connell,8,U10,scheduled,,
g-0694,2027-07-19,18:00,"Waunakee High School 1001 South Street Waunakee, WI 53597",waunakee-2-hoffmann,wauankee-4-koga,8,U10,scheduled,,
g-0695,2027-07-19,19:30,"Waunakee High School 1001 South Street Waunakee, WI 53597",waunakee-2-hoffmann,wauankee-4-koga,8,U10,scheduled,,
g-0696,2027-07-19,18:00,"East Madison Little League 1010 North St, Madison, WI 53704",cg-navy-waltz,east-madison-kratz,8,U10,scheduled,,
g-0697,2027-07-19,19:30,"East Madison Little League 1010 North St, Madison, WI 53704",cg-navy-waltz,east-madison-kratz,8,U10,scheduled,,
g-0698,2027-07-19,18:00,"Meister Park 337 Middleton St, Columbus, WI 53925",waterloo-zimmermann,columbus-firebirds-guerrero,8,U10,scheduled,,
g-0699,2027-07-19,19:30,"Meister Park 337 Middleton St, Columbus, WI 53925",waterloo-zimmermann,columbus-firebirds-guerrero,8,U10,scheduled,,
g-0700,2027-07-19,18:00,504 De Clark St Beaver Dam. WI 53916,columbus-red-simerson,bdybs-gold-cederna,8,U10,scheduled,,
g-0701,2027-07-19,19:30,504 De Clark St Beaver Dam. WI 53916,columbus-red-simerson,bdybs-gold-cederna,8,U10,scheduled,,
g-0702,2027-07-19,18:00,"Racetrack Park, 900 Stoughton Rd, Edgerton, WI 53534",wisconsin-outlawz-travis,edgerton-bilhorn,8,U10 USA,scheduled,,
g-0703,2027-07-19,19:30,"Racetrack Park, 900 Stoughton Rd, Edgerton, WI 53534",wisconsin-outlawz-travis,edgerton-bilhorn,8,U10 USA,scheduled,,
g-0704,2027-07-19,18:00,"Lakeview Park 817 North Street Beaver Dam, WI 53916",waunakee-riek,bd-tornados-panetti-2,8,U10 USA,scheduled,,
g-0705,2027-07-19,19:30,"Lakeview Park 817 North Street Beaver Dam, WI 53916",waunakee-riek,bd-tornados-panetti-2,8,U10 USA,scheduled,,
g-0706,2027-07-20,17:45,"Ihde Field 810 Morgan St. Clyman, WI 53016",marshall-peterson,clyman-niemuth,8,U12,scheduled,,
g-0707,2027-07-20,19:15,"Ihde Field 810 Morgan St. Clyman, WI 53016",marshall-peterson,clyman-niemuth,8,U12,scheduled,,
g-0708,2027-07-20,17:45,"Field of Dreams 710 Lone Pine Way, Verona, WI 53593",waunakee-purple-endres,verona-wildcats-beringer,8,U12,scheduled,,
g-0709,2027-07-20,19:15,"Field of Dreams 710 Lone Pine Way, Verona, WI 53593",waunakee-purple-endres,verona-wildcats-beringer,8,U12,scheduled,,
g-0710,2027-07-20,17:45,"South Goodrich Park 700 E High Street Milton, WI 53563",bdybs-gold-devitt,milton-wildcats-popp,8,U12,scheduled,,
g-0711,2027-07-20,19:15,"South Goodrich Park 700 E High Street Milton, WI 53563",bdybs-gold-devitt,milton-wildcats-popp,8,U12,scheduled,,
g-0712,2027-07-20,17:45,"100 S Wuthering Hills Dr Janesville, WI 53546",columbus-firebirds-11u-wiemer,janesville-cyclones-klemencic,8,U12,scheduled,,
g-0713,2027-07-20,19:15,"100 S Wuthering Hills Dr Janesville, WI 53546",columbus-firebirds-11u-wiemer,janesville-cyclones-klemencic,8,U12,scheduled,,
g-0714,2027-07-20,17:45,"Racetrack Park, 900 Stoughton Rd, Edgerton, WI 53534",sp-savage-hansbro,edgerton-black-ames,8,U12,scheduled,,
g-0715,2027-07-20,19:15,"Racetrack Park, 900 Stoughton Rd, Edgerton, WI 53534",sp-savage-hansbro,edgerton-black-ames,8,U12,scheduled,,
g-0716,2027-07-20,17:45,"East Madison Little League; 1010 North St, Madison, WI 53704",verona-wildcats-borelli,east-madison-muir,8,U12,scheduled,,
g-0717,2027-07-20,19:15,"East Madison Little League; 1010 North St, Madison, WI 53704",verona-wildcats-borelli,east-madison-muir,8,U12,scheduled,,
g-0718,2027-07-20,17:45,"Doubledays 4586 Baxter Rd, Cottage Grove, WI 53527",cottage-grove-mordini,siren-softball-ashwill,8,U12,scheduled,,
g-0719,2027-07-20,19:15,"Doubledays 4586 Baxter Rd, Cottage Grove, WI 53527",cottage-grove-mordini,siren-softball-ashwill,8,U12,scheduled,,
g-0720,2027-07-20,17:45,"Rotary Park 191 Sandy Beach Rd, Lake Mills, WI 53551",fort-jbs-telfer,lm-rec-blm-boettcher-2,8,U12,scheduled,,
g-0721,2027-07-20,19:15,"Rotary Park 191 Sandy Beach Rd, Lake Mills, WI 53551",fort-jbs-telfer,lm-rec-blm-boettcher-2,8,U12,scheduled,,
g-0722,2027-07-20,17:45,"Riverfront Park 588-729 Wisconsin Drive, Jefferson",watertown-thunder-blue-johnson,jefferson-gold-smith,8,U12,scheduled,,
g-0723,2027-07-20,19:15,"Riverfront Park 588-729 Wisconsin Drive, Jefferson",watertown-thunder-blue-johnson,jefferson-gold-smith,8,U12,scheduled,,
g-0724,2027-07-20,17:45,Fort Atkinson High School 925 Lexington Blvd,lakeside-dremler,fort-jbs-grady,8,U12,scheduled,,
g-0725,2027-07-20,19:15,Fort Atkinson High School 925 Lexington Blvd,lakeside-dremler,fort-jbs-grady,8,U12,scheduled,,
g-0726,2027-07-20,17:45,"Meister Park 337 Middleton St, Columbus, WI 53925",milton-wildcats-palan,columbus-firebirds-rentmeester,8,U12,scheduled,,
g-0727,2027-07-20,19:15,"Meister Park 337 Middleton St, Columbus, WI 53925",milton-wildcats-palan,columbus-firebirds-rentmeester,8,U12,scheduled,,
g-0728,2027-07-20,17:45,"Racetrack Park, 900 Stoughton Rd, Edgerton, WI 53534",deerfield-brobston,edgerton-red-knoeck,8,U12,scheduled,,
g-0729,2027-07-20,19:15,"Racetrack Park, 900 Stoughton Rd, Edgerton, WI 53534",deerfield-brobston,edgerton-red-knoeck,8,U12,scheduled,,
g-0730,2027-07-20,17:45,"Johnson Creek High School 455 Aztalan St. Johnson Creek, WI 53039",farmington-flames,johnson-creek-bluejays-toebe,8,U12,scheduled,,
g-0731,2027-07-20,19:15,"Johnson Creek High School 455 Aztalan St. Johnson Creek, WI 53039",farmington-flames,johnson-creek-bluejays-toebe,8,U12,scheduled,,
g-0732,2027-07-20,17:45,"Field of Dreams 710 Lone Pine Way, Verona, WI 53593",oregon-orange-madden,verona-hand,8,U12,scheduled,,
g-0733,2027-07-20,19:15,"Field of Dreams 710 Lone Pine Way, Verona, WI 53593",oregon-orange-madden,verona-hand,8,U12,scheduled,,
g-0734,2027-07-20,17:45,"Waterloo Fireman's Park 500 Park Avenue Waterloo, WI 53594",jefferson-maroon-havill,waterloo-skalitzky,8,U12,scheduled,,
g-0735,2027-07-20,19:15,"Waterloo Fireman's Park 500 Park Avenue Waterloo, WI 53594",jefferson-maroon-havill,waterloo-skalitzky,8,U12,scheduled,,
g-0736,2027-07-20,17:45,"Cambridge High School, 403 Blue Jay Way",lm-rec-blm-tellefson,cambridge-rehr,8,U12,scheduled,,
g-0737,2027-07-20,19:15,"Cambridge High School, 403 Blue Jay Way",lm-rec-blm-tellefson,cambridge-rehr,8,U12,scheduled,,
g-0738,2027-07-21,18:00,"Doubledays 4586 Baxter Rd Cottage Grove, WI 53527",cambridge-becker,wisconsin-outlawz-damon,8,U8 Live,scheduled,,
g-0739,2027-07-21,18:00,"Stueber Field 810 Morgan St - Clyman, WI 53016",jc-yellow-jackets-tonies,clyman-mcfarland,8,U8 Live,scheduled,,
g-0740,2027-07-21,18:00,"Waubesa Intermediate School Softball Complex 5605 Red Oak Trail McFarland, WI 53558",marshall-lannoy,mcfarland-spartans-blue-mccullick,8,U8 Live,scheduled,,
g-0741,2027-07-21,18:00,"Rotary Park 191 Sandy Beach Rd, Lake Mills, WI 53551",columbus-red-farrington,lm-rec-blm-zimmermann,8,U8 Live,scheduled,,
g-0742,2027-07-21,18:00,"Rotary Park 191 Sandy Beach Rd. Lake Mills, WI 53551",columbus-white-breitsprecker,lm-rec-blm-schultz,8,U8 Live,scheduled,,
g-0743,2027-07-21,18:00,"Waubesa Intermediate School Softball Complex 5605 Red Oak Trail McFarland, WI 53558",stoughton-schroerluke,mcfarland-spartans-white-schuchardt,8,U8 Live,scheduled,,
g-0744,2027-07-21,18:00,"Waterloo Fireman's Park 500 Park Avenue Waterloo, WI 53594",columbus-firebirds-volesky,waterloo-hennessy,8,U8 Live,scheduled,,
g-0745,2027-07-21,18:00,504 De Clark St Beaver Dam. WI 53916,johnson-creek-yellow-jackets-fredrick,bdybs-rookies-gold-caves,8,U8 Live,scheduled,,
g-0746,2027-07-21,17:30,"Northlawn Park 900 N Parkview St. Cottage Grove, WI 53527",lake-mills-rec-hoffman-colvin-johnson,cottage-grove-ress,8,U8 Mach,scheduled,,
g-0747,2027-07-21,17:30,"Deerfield Fireman's Park Softball Field 5, Park Dr, Deerfield, WI 53531",marshall-munson,deerfield-schroedl,8,U8 Mach,scheduled,,
g-0748,2027-07-21,17:30,Riverfront Park 589-729 S Wisconsin Dr Jefferson 53549,bdybs-gold-monheim,jefferson-bente,8,U8 Mach,scheduled,,
g-0749,2027-07-21,17:30,"Waterloo Fireman's Park 500 Park Avenue Waterloo, WI 53594",clyman-schuett,waterloo-tbd,8,U8 Mach,scheduled,,
g-0750,2027-07-21,17:30,"504 De Clark St Beaver Dam, WI 53916",johnson-creek-bluejays-tbd,bdybs-green-kahler,8,U8 Mach,scheduled,,
g-0751,2027-07-21,17:30,"Racetrack Park Racetrack Road Stoughton, WI 53589",cambridge-klemp,stoughton-thompson,8,U8 Mach,scheduled,,
g-0752,2027-07-21,19:00,"Independence Park 808 S Wilson Ave, Hartford, WI 53027",jefferson-smith,hartford-velocity-lecher,8,uHigh,scheduled,,
g-0753,2027-07-21,19:00,"Field of Dreams 710 Lone Pine Way, Verona, WI 53593",fort-jbs-fehrman,verona-wildcats-graber,8,uHigh,scheduled,,
g-0754,2027-07-21,19:00,"Meister Park 337 Middleton St, Columbus, WI 53925",waterloo-schaumann,columbus-rake,8,uHigh,scheduled,,
g-0755,2027-07-21,19:00,Lake Country Lutheran High School 401 campus dr hartland wi 53029,watertown-thunder-hisel-2,lake-country-thunder-white-merritt,8,uHigh,scheduled,,
g-0756,2027-07-22,17:45,Lakeview Park North St. Beaver Dam,janesville-cougars-forrest,bd-tornados-meyers,8,U14,scheduled,,
g-0757,2027-07-22,19:15,Lakeview Park North St. Beaver Dam,janesville-cougars-forrest,bd-tornados-meyers,8,U14,scheduled,,
g-0758,2027-07-22,17:45,"Oregon Jaycee Park 275 N Perry Pkwy Oregon, WI 53575",siren-softball-roe,oregon-black-hubert,8,U14,scheduled,,
g-0759,2027-07-22,19:15,"Oregon Jaycee Park 275 N Perry Pkwy Oregon, WI 53575",siren-softball-roe,oregon-black-hubert,8,U14,scheduled,,
g-0760,2027-07-22,17:45,"Converse Park 408 Best Built Pkwy. Marshall, WI",fort-jbs-unate,marshall-fisher,8,U14,scheduled,,
g-0761,2027-07-22,19:15,"Converse Park 408 Best Built Pkwy. Marshall, WI",fort-jbs-unate,marshall-fisher,8,U14,scheduled,,
g-0762,2027-07-22,17:45,"East Madison Little League 1010 North St, Madison, WI 53704",windsor-heat-inferno-prusakiewicz,east-madison-mueller,8,U14,scheduled,,
g-0763,2027-07-22,19:15,"East Madison Little League 1010 North St, Madison, WI 53704",windsor-heat-inferno-prusakiewicz,east-madison-mueller,8,U14,scheduled,,
g-0764,2027-07-22,17:45,"Field of Dreams 710 Lone Pine Way, Verona, WI 53593",edgerton-ducher,verona-wildcats-brooks,8,U14,scheduled,,
g-0765,2027-07-22,19:15,"Field of Dreams 710 Lone Pine Way, Verona, WI 53593",edgerton-ducher,verona-wildcats-brooks,8,U14,scheduled,,
g-0766,2027-07-22,17:45,"Deerfield High School Softball Field 300 Simonson Blvd, Deerfield, WI 53531",jefferson-lipshetz,deerfield-fankhauser,8,U14,scheduled,,
g-0767,2027-07-22,19:15,"Deerfield High School Softball Field 300 Simonson Blvd, Deerfield, WI 53531",jefferson-lipshetz,deerfield-fankhauser,8,U14,scheduled,,
g-0768,2027-07-22,17:45,"300 Simonson Blvd, Deerfield, WI 53531",watertown-thunder-hisel,deerfield-halverson,8,U14,scheduled,,
g-0769,2027-07-22,19:15,"300 Simonson Blvd, Deerfield, WI 53531",watertown-thunder-hisel,deerfield-halverson,8,U14,scheduled,,
g-0770,2027-07-22,17:45,"Meister Park 337 Middleton St, Columbus, WI 53925",janesville-cyclones-forest,columbus-firebirds-berget,8,U14,scheduled,,
g-0771,2027-07-22,19:15,"Meister Park 337 Middleton St, Columbus, WI 53925",janesville-cyclones-forest,columbus-firebirds-berget,8,U14,scheduled,,
g-0772,2027-07-22,17:45,"Farmington W3027 CTY B, Watertown",bdybs-juniors-gold-pogorelec,farmington-flames-gates,8,U14,scheduled,,
g-0773,2027-07-22,19:15,"Farmington W3027 CTY B, Watertown",bdybs-juniors-gold-pogorelec,farmington-flames-gates,8,U14,scheduled,,
g-0774,2027-07-26,18:00,"Meister Park 337 Middleton St, Columbus, WI 53925",clyman-quest,columbus-firebirds-guerrero,9,U10,scheduled,,
g-0775,2027-07-26,19:30,"Meister Park 337 Middleton St, Columbus, WI 53925",clyman-quest,columbus-firebirds-guerrero,9,U10,scheduled,,
g-0776,2027-07-26,18:00,"Oregon Jaycee Park, Field #2 275 N Perry Pkwy, Oregon, WI 53575",cambridge-white-johnson,oregon-black-sweeny,9,U10,scheduled,,
g-0777,2027-07-26,19:30,"Oregon Jaycee Park, Field #2 275 N Perry Pkwy, Oregon, WI 53575",cambridge-white-johnson,oregon-black-sweeny,9,U10,scheduled,,
g-0778,2027-07-26,18:00,"East Madison Little League 1010 North St, Madison, WI 53704",marshall-sellnow-nate-kleinschmidt,east-madison-kratz,9,U10,scheduled,,
g-0779,2027-07-26,19:30,"East Madison Little League 1010 North St, Madison, WI 53704",marshall-sellnow-nate-kleinschmidt,east-madison-kratz,9,U10,scheduled,,
g-0780,2027-07-26,18:00,"DeForest Athletic Complex - Kwik Trip Field 6751 River Rd, DeForest, WI 53532",cg-white-nelson,windsor-heat-ignite-grundahl,9,U10,scheduled,,
g-0781,2027-07-26,19:30,"DeForest Athletic Complex - Kwik Trip Field 6751 River Rd, DeForest, WI 53532",cg-white-nelson,windsor-heat-ignite-grundahl,9,U10,scheduled,,
g-0782,2027-07-26,18:00,"Rotary Park 191 Sandy Beach Rd, Lake Mills, WI 53551",jefferson-pratt,lm-rec-blm-boettcher,9,U10,scheduled,,
g-0783,2027-07-26,19:30,"Rotary Park 191 Sandy Beach Rd, Lake Mills, WI 53551",jefferson-pratt,lm-rec-blm-boettcher,9,U10,scheduled,,
g-0784,2027-07-26,18:00,"Waunakee High School Softball Fields 1001 South Street Waunakee, WI 53597",waunakee-2-hoffmann,waunakee-purple-hoffman,9,U10,scheduled,,
g-0785,2027-07-26,19:30,"Waunakee High School Softball Fields 1001 South Street Waunakee, WI 53597",waunakee-2-hoffmann,waunakee-purple-hoffman,9,U10,scheduled,,
g-0786,2027-07-26,18:00,Jefferson River Front Park,johnson-creek-bluejays-goulet,jefferson-messman,9,U10,scheduled,,
g-0787,2027-07-26,19:30,Jefferson River Front Park,johnson-creek-bluejays-goulet,jefferson-messman,9,U10,scheduled,,
g-0788,2027-07-26,18:00,"Waunakee High School Softball Fields 1001 South Street Waunakee, WI 53597",waunakee-3-o-connell,waunakee-1-sheahan,9,U10,scheduled,,
g-0789,2027-07-26,19:30,"Waunakee High School Softball Fields 1001 South Street Waunakee, WI 53597",waunakee-3-o-connell,waunakee-1-sheahan,9,U10,scheduled,,
g-0790,2027-07-26,18:00,"Waunakee High School Softball Fields 1001 South Street Waunakee, WI 53597",wauankee-4-koga,waunakee-white-schneider,9,U10,scheduled,,
g-0791,2027-07-26,19:30,"Waunakee High School Softball Fields 1001 South Street Waunakee, WI 53597",wauankee-4-koga,waunakee-white-schneider,9,U10,scheduled,,
g-0792,2027-07-26,18:00,"Northlawn Park 900 N Parkview St. Cottage Grove, WI 53527",marshall-altenberger,cg-navy-waltz,9,U10,scheduled,,
g-0793,2027-07-26,19:30,"Northlawn Park 900 N Parkview St. Cottage Grove, WI 53527",marshall-altenberger,cg-navy-waltz,9,U10,scheduled,,
g-0794,2027-07-26,18:00,"Meister Park 337 Middleton St, Columbus, WI 53925",bd-tornados-gold-schaalma,columbus-red-simerson,9,U10,scheduled,,
g-0795,2027-07-26,19:30,"Meister Park 337 Middleton St, Columbus, WI 53925",bd-tornados-gold-schaalma,columbus-red-simerson,9,U10,scheduled,,
g-0796,2027-07-26,18:00,"Brandt-Quirk Park, 800 Carriage Hill Dr, Watertown, WI 53098",lm-rec-blm-white,watertown-thunder-kleine,9,U10,scheduled,,
g-0797,2027-07-26,19:30,"Brandt-Quirk Park, 800 Carriage Hill Dr, Watertown, WI 53098",lm-rec-blm-white,watertown-thunder-kleine,9,U10,scheduled,,
g-0798,2027-07-26,18:00,"Waterloo Fireman's Park 500 Park Avenue Waterloo, WI 53594",bdybs-gold-cederna,waterloo-zimmermann,9,U10,scheduled,,
g-0799,2027-07-26,19:30,"Waterloo Fireman's Park 500 Park Avenue Waterloo, WI 53594",bdybs-gold-cederna,waterloo-zimmermann,9,U10,scheduled,,
g-0800,2027-07-26,18:00,"South Goodrich Park 700 E High Street Milton, WI 53563",deerfield-judkins,milton-wildcats-lanser,9,U10,scheduled,,
g-0801,2027-07-26,19:30,"South Goodrich Park 700 E High Street Milton, WI 53563",deerfield-judkins,milton-wildcats-lanser,9,U10,scheduled,,
g-0802,2027-07-26,18:00,"Cambridge High School, 403 Blue Jay Way",oregon-orange-hegg,cambridge-blue-becker,9,U10,scheduled,,
g-0803,2027-07-26,19:30,"Cambridge High School, 403 Blue Jay Way",oregon-orange-hegg,cambridge-blue-becker,9,U10,scheduled,,
g-0804,2027-07-26,18:00,Cambridge High School or Deefield Community Parks,bd-tornados-panetti-2,wisconsin-outlawz-travis,9,U10 USA,scheduled,,
g-0805,2027-07-26,19:30,Cambridge High School or Deefield Community Parks,bd-tornados-panetti-2,wisconsin-outlawz-travis,9,U10 USA,scheduled,,
g-0806,2027-07-26,18:00,"Waunakee High School Softball Fields 1001 South Street Waunakee, WI 53597",rock-river-stix-pryne,waunakee-riek,9,U10 USA,scheduled,,
g-0807,2027-07-26,19:30,"Waunakee High School Softball Fields 1001 South Street Waunakee, WI 53597",rock-river-stix-pryne,waunakee-riek,9,U10 USA,scheduled,,
